x-axis,FFT
Hertz,dBV
0.00E+00,-16.68
6.25E+01,-29.88
1.25E+02,2.76
1.88E+02,-32.61
2.50E+02,-27.67
3.13E+02,-29.96
3.75E+02,-12.20
4.38E+02,-28.68
5.00E+02,-39.93
5.63E+02,-34.90
6.25E+02,-34.28
6.88E+02,-19.54
7.50E+02,-31.11
8.13E+02,-28.90
8.75E+02,-34.22
9.38E+02,-13.29
1.00E+03,-31.99
1.06E+03,-30.76
1.13E+03,-33.45
1.19E+03,-7.09
1.25E+03,-42.47
1.31E+03,-30.32
1.38E+03,-38.85
1.44E+03,-15.16
1.50E+03,-23.29
1.56E+03,-23.96
1.63E+03,-18.76
1.69E+03,-35.50
1.75E+03,-17.04
1.81E+03,-41.25
1.88E+03,-32.19
1.94E+03,-45.86
2.00E+03,-17.67
2.06E+03,-36.36
2.13E+03,-30.92
2.19E+03,-42.52
2.25E+03,-38.96
2.31E+03,-32.48
2.38E+03,-30.47
2.44E+03,-30.42
2.50E+03,-31.67
2.56E+03,-37.45
2.63E+03,-39.04
2.69E+03,-30.95
2.75E+03,-31.85
2.81E+03,-26.93
2.88E+03,-40.35
2.94E+03,-30.59
3.00E+03,-32.74
3.06E+03,-17.14
3.13E+03,-41.69
3.19E+03,-9.33
3.25E+03,-27.90
3.31E+03,-20.13
3.38E+03,-31.12
3.44E+03,-34.49
3.50E+03,-27.84
3.56E+03,-30.35
3.63E+03,-24.21
3.69E+03,-31.44
3.75E+03,-29.62
3.81E+03,-32.93
3.88E+03,-40.66
3.94E+03,-34.01
4.00E+03,-35.13
4.06E+03,-37.89
4.13E+03,-29.56
4.19E+03,-31.48
4.25E+03,-37.25
4.31E+03,-44.41
4.38E+03,-28.07
4.44E+03,-35.82
4.50E+03,-35.05
4.56E+03,-28.17
4.63E+03,-32.31
4.69E+03,-32.32
4.75E+03,-34.50
4.81E+03,-25.49
4.88E+03,-30.49
4.94E+03,-26.31
5.00E+03,-46.52
5.06E+03,-35.71
5.13E+03,-49.07
5.19E+03,-32.13
5.25E+03,-34.88
5.31E+03,-29.42
5.38E+03,-33.00
5.44E+03,-34.52
5.50E+03,-36.07
5.56E+03,-36.33
5.63E+03,-28.47
5.69E+03,-30.03
5.75E+03,-43.75
5.81E+03,-36.89
5.88E+03,-33.64
5.94E+03,-33.12
6.00E+03,-28.66
6.06E+03,-32.88
6.13E+03,-38.65
6.19E+03,-34.85
6.25E+03,-26.34
6.31E+03,-29.17
6.38E+03,-22.30
6.44E+03,-25.04
6.50E+03,-29.78
6.56E+03,-30.37
6.63E+03,-29.42
6.69E+03,-23.48
6.75E+03,-27.29
6.81E+03,-10.73
6.88E+03,-37.50
6.94E+03,-12.53
7.00E+03,-34.87
7.06E+03,-48.74
7.13E+03,-29.88
7.19E+03,-34.14
7.25E+03,-35.46
7.31E+03,-32.21
7.38E+03,-28.34
7.44E+03,-37.56
7.50E+03,-39.29
7.56E+03,-32.80
7.63E+03,-28.11
7.69E+03,-42.77
7.75E+03,-22.79
7.81E+03,-34.94
7.88E+03,-33.22
7.94E+03,-36.22
8.00E+03,-24.45
8.06E+03,-30.50
8.13E+03,-41.89
8.19E+03,-41.87
8.25E+03,-30.63
8.31E+03,-31.14
8.38E+03,-24.21
8.44E+03,-20.33
8.50E+03,-28.30
8.56E+03,-17.80
8.63E+03,-32.55
8.69E+03,-33.70
8.75E+03,-30.80
8.81E+03,-22.27
8.88E+03,-39.10
8.94E+03,-28.18
9.00E+03,-35.42
9.06E+03,-26.81
9.13E+03,-39.52
9.19E+03,-29.44
9.25E+03,-51.00
9.31E+03,-35.26
9.38E+03,-33.52
9.44E+03,-40.03
9.50E+03,-32.06
9.56E+03,-32.31
9.63E+03,-25.17
9.69E+03,-32.53
9.75E+03,-35.16
9.81E+03,-32.47
9.88E+03,-16.62
9.94E+03,-39.40
1.00E+04,-7.12
1.01E+04,-35.80
1.01E+04,-10.55
1.02E+04,-42.99
1.03E+04,-38.73
1.03E+04,-29.41
1.04E+04,-26.87
1.04E+04,-32.56
1.05E+04,-36.45
1.06E+04,-34.44
1.06E+04,-37.70
1.07E+04,-28.91
1.08E+04,-39.59
1.08E+04,-29.60
1.09E+04,-38.72
1.09E+04,-24.58
1.10E+04,-33.03
1.11E+04,-34.43
1.11E+04,-33.70
1.12E+04,-25.75
1.13E+04,-35.15
1.13E+04,-38.90
1.14E+04,-34.90
1.14E+04,-37.81
1.15E+04,-36.98
1.16E+04,-30.53
1.16E+04,-25.38
1.17E+04,-28.36
1.18E+04,-19.23
1.18E+04,-33.79
1.19E+04,-29.04
1.19E+04,-31.31
1.20E+04,-24.09
1.21E+04,-40.88
1.21E+04,-27.62
1.22E+04,-40.27
1.23E+04,-25.87
1.23E+04,-37.83
1.24E+04,-43.73
1.24E+04,-35.10
1.25E+04,-30.67
1.26E+04,-34.00
1.26E+04,-49.46
1.27E+04,-32.70
1.28E+04,-42.11
1.28E+04,-40.80
1.29E+04,-28.46
1.29E+04,-29.35
1.30E+04,-42.42
1.31E+04,-24.31
1.31E+04,-32.45
1.32E+04,-17.39
1.33E+04,-29.32
1.33E+04,-26.01
1.34E+04,-35.61
1.34E+04,-38.73
1.35E+04,-18.13
1.36E+04,-31.13
1.36E+04,-25.56
1.37E+04,-37.41
1.38E+04,-23.65
1.38E+04,-43.27
1.39E+04,-33.96
1.39E+04,-43.41
1.40E+04,-38.01
1.41E+04,-33.16
1.41E+04,-28.14
1.42E+04,-28.63
1.43E+04,-41.27
1.43E+04,-31.30
1.44E+04,-29.06
1.44E+04,-28.95
1.45E+04,-41.40
1.46E+04,-32.16
1.46E+04,-36.28
1.47E+04,-28.59
1.48E+04,-40.85
1.48E+04,-24.09
1.49E+04,-27.73
1.49E+04,-20.21
1.50E+04,-37.07
1.51E+04,-29.79
1.51E+04,-41.79
1.52E+04,-25.66
1.53E+04,-29.47
1.53E+04,-31.44
1.54E+04,-28.54
1.54E+04,-35.80
1.55E+04,-36.04
1.56E+04,-32.73
1.56E+04,-31.81
1.57E+04,-32.56
1.58E+04,-52.13
1.58E+04,-31.19
1.59E+04,-39.69
1.59E+04,-33.91
1.60E+04,-33.07
1.61E+04,-33.05
1.61E+04,-30.59
1.62E+04,-31.02
1.63E+04,-31.02
1.63E+04,-37.48
1.64E+04,-21.52
1.64E+04,-38.99
1.65E+04,-25.75
1.66E+04,-29.98
1.66E+04,-34.83
1.67E+04,-25.54
1.68E+04,-40.94
1.68E+04,-25.83
1.69E+04,-34.66
1.69E+04,-29.05
1.70E+04,-40.29
1.71E+04,-33.91
1.71E+04,-32.80
1.72E+04,-34.25
1.73E+04,-26.89
1.73E+04,-31.71
1.74E+04,-36.26
1.74E+04,-39.85
1.75E+04,-30.55
1.76E+04,-31.76
1.76E+04,-45.20
1.77E+04,-52.52
1.78E+04,-42.70
1.78E+04,-33.47
1.79E+04,-31.26
1.79E+04,-31.83
1.80E+04,-25.42
1.81E+04,-33.34
1.81E+04,-22.91
1.82E+04,-37.49
1.83E+04,-29.52
1.83E+04,-28.06
1.84E+04,-32.31
1.84E+04,-32.16
1.85E+04,-33.43
1.86E+04,-26.79
1.86E+04,-29.04
1.87E+04,-28.99
1.88E+04,-38.79
1.88E+04,-38.00
1.89E+04,-50.19
1.89E+04,-30.54
1.90E+04,-39.94
1.91E+04,-37.66
1.91E+04,-31.43
1.92E+04,-36.32
1.93E+04,-37.09
1.93E+04,-34.64
1.94E+04,-34.79
1.94E+04,-33.59
1.95E+04,-47.07
1.96E+04,-33.67
1.96E+04,-35.39
1.97E+04,-29.00
1.98E+04,-33.55
1.98E+04,-43.36
1.99E+04,-12.49
1.99E+04,-45.50
2.00E+04,-23.62
2.01E+04,-40.38
2.01E+04,-20.85
2.02E+04,-36.20
2.03E+04,-30.32
2.03E+04,-22.60
2.04E+04,-30.97
2.04E+04,-22.47
2.05E+04,-33.34
2.06E+04,-42.69
2.06E+04,-53.28
2.07E+04,-25.33
2.08E+04,-37.48
2.08E+04,-32.75
2.09E+04,-34.37
2.09E+04,-28.83
2.10E+04,-34.23
2.11E+04,-31.64
2.11E+04,-38.94
2.12E+04,-28.22
2.13E+04,-37.57
2.13E+04,-30.53
2.14E+04,-32.60
2.14E+04,-32.17
2.15E+04,-34.23
2.16E+04,-26.57
2.16E+04,-36.00
2.17E+04,-41.71
2.18E+04,-27.96
2.18E+04,-33.77
2.19E+04,-33.67
2.19E+04,-28.81
2.20E+04,-38.63
2.21E+04,-29.05
2.21E+04,-36.39
2.22E+04,-44.18
2.23E+04,-28.25
2.23E+04,-36.92
2.24E+04,-31.94
2.24E+04,-27.39
2.25E+04,-38.18
2.26E+04,-36.88
2.26E+04,-31.99
2.27E+04,-31.16
2.28E+04,-31.37
2.28E+04,-30.91
2.29E+04,-34.13
2.29E+04,-36.19
2.30E+04,-33.78
2.31E+04,-22.88
2.31E+04,-33.86
2.32E+04,-35.62
2.33E+04,-30.28
2.33E+04,-34.87
2.34E+04,-32.56
2.34E+04,-43.39
2.35E+04,-24.60
2.36E+04,-29.34
2.36E+04,-23.25
2.37E+04,-31.09
2.38E+04,-33.45
2.38E+04,-34.54
2.39E+04,-31.59
2.39E+04,-41.21
2.40E+04,-47.78
2.41E+04,-30.19
2.41E+04,-34.28
2.42E+04,-36.84
2.43E+04,-33.95
2.43E+04,-31.52
2.44E+04,-28.03
2.44E+04,-34.23
2.45E+04,-42.26
2.46E+04,-43.67
2.46E+04,-40.97
2.47E+04,-32.15
2.48E+04,-34.81
2.48E+04,-38.55
2.49E+04,-32.10
2.49E+04,-32.11
2.50E+04,-35.85
2.51E+04,-34.20
2.51E+04,-31.02
2.52E+04,-34.45
2.53E+04,-28.22
2.53E+04,-41.39
2.54E+04,-49.21
2.54E+04,-35.92
2.55E+04,-39.22
2.56E+04,-37.00
2.56E+04,-42.59
2.57E+04,-28.52
2.58E+04,-43.14
2.58E+04,-37.36
2.59E+04,-36.25
2.59E+04,-36.49
2.60E+04,-37.92
2.61E+04,-33.18
2.61E+04,-40.78
2.62E+04,-31.36
2.63E+04,-29.43
2.63E+04,-39.93
2.64E+04,-29.38
2.64E+04,-36.94
2.65E+04,-40.72
2.66E+04,-38.18
2.66E+04,-48.67
2.67E+04,-29.72
2.68E+04,-34.19
2.68E+04,-26.23
2.69E+04,-42.37
2.69E+04,-37.15
2.70E+04,-35.96
2.71E+04,-38.94
2.71E+04,-36.92
2.72E+04,-36.72
2.73E+04,-23.34
2.73E+04,-35.37
2.74E+04,-28.41
2.74E+04,-46.36
2.75E+04,-30.91
2.76E+04,-42.47
2.76E+04,-38.81
2.77E+04,-38.28
2.78E+04,-31.74
2.78E+04,-36.22
2.79E+04,-36.94
2.79E+04,-35.10
2.80E+04,-32.14
2.81E+04,-37.12
2.81E+04,-31.82
2.82E+04,-39.31
2.83E+04,-40.54
2.83E+04,-30.07
2.84E+04,-34.39
2.84E+04,-25.50
2.85E+04,-42.87
2.86E+04,-37.08
2.86E+04,-34.72
2.87E+04,-38.31
2.88E+04,-31.34
2.88E+04,-42.29
2.89E+04,-38.23
2.89E+04,-42.69
2.90E+04,-35.17
2.91E+04,-34.49
2.91E+04,-39.05
2.92E+04,-35.55
2.93E+04,-34.20
2.93E+04,-35.72
2.94E+04,-39.23
2.94E+04,-30.20
2.95E+04,-39.40
2.96E+04,-40.53
2.96E+04,-29.84
2.97E+04,-34.39
2.98E+04,-34.61
2.98E+04,-37.55
2.99E+04,-17.44
2.99E+04,-28.30
3.00E+04,-18.57
3.01E+04,-29.60
3.01E+04,-32.05
3.02E+04,-27.95
3.03E+04,-42.19
3.03E+04,-32.72
3.04E+04,-37.20
3.04E+04,-24.19
3.05E+04,-31.89
3.06E+04,-33.74
3.06E+04,-34.43
3.07E+04,-38.89
3.08E+04,-31.40
3.08E+04,-34.10
3.09E+04,-32.71
3.09E+04,-35.29
3.10E+04,-42.93
3.11E+04,-24.91
3.11E+04,-39.16
3.12E+04,-29.50
3.13E+04,-30.35
3.13E+04,-29.49
3.14E+04,-41.12
3.14E+04,-34.87
3.15E+04,-28.73
3.16E+04,-37.67
3.16E+04,-25.48
3.17E+04,-31.27
3.18E+04,-32.86
3.18E+04,-34.11
3.19E+04,-29.27
3.19E+04,-32.51
3.20E+04,-27.90
3.21E+04,-28.07
3.21E+04,-30.78
3.22E+04,-33.42
3.23E+04,-34.60
3.23E+04,-34.50
3.24E+04,-37.18
3.24E+04,-38.84
3.25E+04,-35.19
3.26E+04,-45.57
3.26E+04,-31.85
3.27E+04,-40.09
3.28E+04,-40.31
3.28E+04,-37.08
3.29E+04,-41.29
3.29E+04,-37.56
3.30E+04,-35.43
3.31E+04,-26.93
3.31E+04,-35.92
3.32E+04,-29.50
3.33E+04,-34.99
3.33E+04,-39.42
3.34E+04,-40.77
3.34E+04,-30.10
3.35E+04,-32.96
3.36E+04,-47.86
3.36E+04,-28.10
3.37E+04,-47.61
3.38E+04,-41.71
3.38E+04,-32.38
3.39E+04,-36.06
3.39E+04,-35.26
3.40E+04,-39.96
3.41E+04,-34.26
3.41E+04,-43.60
3.42E+04,-46.53
3.43E+04,-25.25
3.43E+04,-49.12
3.44E+04,-28.90
3.44E+04,-36.56
3.45E+04,-31.54
3.46E+04,-40.05
3.46E+04,-47.38
3.47E+04,-29.25
3.48E+04,-36.31
3.48E+04,-25.91
3.49E+04,-39.35
3.49E+04,-30.99
3.50E+04,-35.54
3.51E+04,-37.41
3.51E+04,-38.07
3.52E+04,-30.13
3.53E+04,-33.01
3.53E+04,-38.70
3.54E+04,-43.81
3.54E+04,-38.93
3.55E+04,-31.35
3.56E+04,-33.15
3.56E+04,-34.56
3.57E+04,-39.74
3.58E+04,-32.73
3.58E+04,-38.20
3.59E+04,-35.26
3.59E+04,-32.25
3.60E+04,-30.82
3.61E+04,-36.81
3.61E+04,-34.92
3.62E+04,-30.02
3.63E+04,-32.11
3.63E+04,-36.73
3.64E+04,-33.00
3.64E+04,-35.07
3.65E+04,-37.73
3.66E+04,-38.84
3.66E+04,-32.33
3.67E+04,-47.67
3.68E+04,-38.21
3.68E+04,-37.41
3.69E+04,-44.68
3.69E+04,-40.80
3.70E+04,-35.61
3.71E+04,-36.71
3.71E+04,-33.07
3.72E+04,-38.66
3.73E+04,-29.25
3.73E+04,-29.12
3.74E+04,-36.30
3.74E+04,-35.83
3.75E+04,-41.57
3.76E+04,-30.54
3.76E+04,-35.41
3.77E+04,-43.71
3.78E+04,-41.63
3.78E+04,-52.95
3.79E+04,-29.81
3.79E+04,-40.35
3.80E+04,-29.59
3.81E+04,-32.09
3.81E+04,-30.56
3.82E+04,-34.12
3.83E+04,-48.25
3.83E+04,-48.52
3.84E+04,-40.02
3.84E+04,-26.41
3.85E+04,-40.00
3.86E+04,-29.22
3.86E+04,-43.02
3.87E+04,-36.60
3.88E+04,-36.01
3.88E+04,-39.74
3.89E+04,-39.02
3.89E+04,-30.98
3.90E+04,-39.99
3.91E+04,-34.85
3.91E+04,-38.06
3.92E+04,-31.29
3.93E+04,-37.08
3.93E+04,-37.57
3.94E+04,-31.61
3.94E+04,-39.70
3.95E+04,-34.74
3.96E+04,-33.15
3.96E+04,-28.58
3.97E+04,-29.82
3.98E+04,-30.30
3.98E+04,-31.28
3.99E+04,-24.63
3.99E+04,-40.22
4.00E+04,-29.90
4.01E+04,-30.40
4.01E+04,-32.03
4.02E+04,-24.59
4.03E+04,-34.00
4.03E+04,-34.00
4.04E+04,-33.90
4.04E+04,-31.63
4.05E+04,-31.04
4.06E+04,-33.07
4.06E+04,-35.45
4.07E+04,-44.04
4.08E+04,-30.84
4.08E+04,-34.32
4.09E+04,-33.70
4.09E+04,-33.61
4.10E+04,-39.25
4.11E+04,-30.71
4.11E+04,-36.58
4.12E+04,-25.99
4.13E+04,-37.81
4.13E+04,-43.34
4.14E+04,-41.70
4.14E+04,-28.34
4.15E+04,-37.08
4.16E+04,-28.54
4.16E+04,-25.43
4.17E+04,-35.69
4.18E+04,-31.54
4.18E+04,-35.84
4.19E+04,-34.02
4.19E+04,-42.07
4.20E+04,-33.25
4.21E+04,-31.85
4.21E+04,-36.18
4.22E+04,-51.12
4.23E+04,-28.50
4.23E+04,-36.08
4.24E+04,-33.05
4.24E+04,-35.16
4.25E+04,-56.42
4.26E+04,-36.47
4.26E+04,-35.76
4.27E+04,-35.35
4.28E+04,-41.49
4.28E+04,-33.78
4.29E+04,-42.78
4.29E+04,-31.37
4.30E+04,-42.99
4.31E+04,-34.33
4.31E+04,-29.96
4.32E+04,-27.78
4.33E+04,-31.14
4.33E+04,-41.13
4.34E+04,-32.57
4.34E+04,-30.58
4.35E+04,-38.14
4.36E+04,-35.50
4.36E+04,-43.98
4.37E+04,-39.32
4.38E+04,-38.08
4.38E+04,-42.59
4.39E+04,-43.92
4.39E+04,-36.72
4.40E+04,-36.82
4.41E+04,-42.91
4.41E+04,-42.20
4.42E+04,-38.93
4.43E+04,-40.52
4.43E+04,-39.54
4.44E+04,-35.17
4.44E+04,-38.89
4.45E+04,-41.38
4.46E+04,-36.01
4.46E+04,-30.85
4.47E+04,-33.50
4.48E+04,-35.41
4.48E+04,-30.44
4.49E+04,-46.25
4.49E+04,-26.58
4.50E+04,-30.83
4.51E+04,-31.91
4.51E+04,-40.77
4.52E+04,-35.86
4.53E+04,-29.69
4.53E+04,-34.90
4.54E+04,-36.06
4.54E+04,-37.46
4.55E+04,-39.91
4.56E+04,-31.84
4.56E+04,-35.45
4.57E+04,-36.82
4.58E+04,-41.37
4.58E+04,-35.01
4.59E+04,-44.19
4.59E+04,-33.06
4.60E+04,-34.09
4.61E+04,-33.55
4.61E+04,-36.43
4.62E+04,-46.26
4.63E+04,-31.86
4.63E+04,-37.77
4.64E+04,-38.61
4.64E+04,-33.54
4.65E+04,-33.05
4.66E+04,-33.75
4.66E+04,-40.41
4.67E+04,-39.89
4.68E+04,-38.87
4.68E+04,-46.10
4.69E+04,-46.79
4.69E+04,-40.48
4.70E+04,-37.30
4.71E+04,-35.04
4.71E+04,-32.28
4.72E+04,-42.43
4.73E+04,-36.67
4.73E+04,-35.38
4.74E+04,-44.69
4.74E+04,-35.06
4.75E+04,-35.61
4.76E+04,-41.92
4.76E+04,-47.82
4.77E+04,-41.80
4.78E+04,-34.38
4.78E+04,-44.98
4.79E+04,-36.65
4.79E+04,-39.69
4.80E+04,-33.28
4.81E+04,-34.21
4.81E+04,-29.41
4.82E+04,-51.01
4.83E+04,-35.43
4.83E+04,-28.50
4.84E+04,-35.15
4.84E+04,-34.87
4.85E+04,-37.60
4.86E+04,-38.90
4.86E+04,-38.30
4.87E+04,-36.91
4.88E+04,-36.03
4.88E+04,-40.07
4.89E+04,-48.68
4.89E+04,-39.06
4.90E+04,-36.03
4.91E+04,-38.47
4.91E+04,-33.75
4.92E+04,-37.96
4.93E+04,-29.15
4.93E+04,-41.25
4.94E+04,-31.28
4.94E+04,-38.48
4.95E+04,-30.55
4.96E+04,-31.75
4.96E+04,-40.57
4.97E+04,-35.32
4.98E+04,-33.82
4.98E+04,-43.79
4.99E+04,-34.16
4.99E+04,-28.05
5.00E+04,-31.23
5.01E+04,-30.39
5.01E+04,-29.71
5.02E+04,-26.50
5.03E+04,-32.39
5.03E+04,-30.76
5.04E+04,-36.08
5.04E+04,-29.18
5.05E+04,-47.53
5.06E+04,-39.48
5.06E+04,-33.62
5.07E+04,-37.81
5.08E+04,-31.80
5.08E+04,-35.68
5.09E+04,-37.25
5.09E+04,-27.66
5.10E+04,-38.27
5.11E+04,-35.52
5.11E+04,-33.59
5.12E+04,-35.86
5.13E+04,-39.13
5.13E+04,-41.74
5.14E+04,-40.04
5.14E+04,-45.67
5.15E+04,-33.95
5.16E+04,-38.48
5.16E+04,-39.28
5.17E+04,-36.11
5.18E+04,-30.59
5.18E+04,-42.96
5.19E+04,-33.86
5.19E+04,-29.76
5.20E+04,-33.08
5.21E+04,-39.81
5.21E+04,-47.77
5.22E+04,-36.95
5.23E+04,-32.82
5.23E+04,-36.19
5.24E+04,-42.09
5.24E+04,-40.76
5.25E+04,-30.99
5.26E+04,-38.33
5.26E+04,-40.43
5.27E+04,-37.96
5.28E+04,-42.36
5.28E+04,-35.09
5.29E+04,-34.41
5.29E+04,-34.42
5.30E+04,-30.32
5.31E+04,-36.07
5.31E+04,-37.75
5.32E+04,-34.28
5.33E+04,-32.42
5.33E+04,-39.59
5.34E+04,-59.21
5.34E+04,-37.71
5.35E+04,-33.85
5.36E+04,-32.07
5.36E+04,-32.76
5.37E+04,-31.05
5.38E+04,-43.58
5.38E+04,-38.01
5.39E+04,-44.55
5.39E+04,-26.06
5.40E+04,-47.27
5.41E+04,-33.40
5.41E+04,-34.63
5.42E+04,-38.22
5.43E+04,-32.44
5.43E+04,-36.27
5.44E+04,-36.03
5.44E+04,-37.83
5.45E+04,-42.31
5.46E+04,-35.04
5.46E+04,-41.58
5.47E+04,-34.27
5.48E+04,-42.74
5.48E+04,-39.98
5.49E+04,-34.99
5.49E+04,-35.04
5.50E+04,-35.64
5.51E+04,-36.01
5.51E+04,-35.20
5.52E+04,-56.58
5.53E+04,-31.90
5.53E+04,-36.04
5.54E+04,-36.41
5.54E+04,-30.95
5.55E+04,-42.75
5.56E+04,-30.49
5.56E+04,-38.73
5.57E+04,-38.89
5.58E+04,-30.78
5.58E+04,-36.20
5.59E+04,-32.45
5.59E+04,-36.02
5.60E+04,-33.84
5.61E+04,-36.21
5.61E+04,-35.18
5.62E+04,-36.66
5.63E+04,-38.14
5.63E+04,-31.26
5.64E+04,-35.57
5.64E+04,-34.84
5.65E+04,-50.25
5.66E+04,-36.08
5.66E+04,-41.71
5.67E+04,-33.19
5.68E+04,-37.20
5.68E+04,-35.64
5.69E+04,-41.90
5.69E+04,-36.03
5.70E+04,-42.95
5.71E+04,-31.93
5.71E+04,-42.59
5.72E+04,-40.25
5.73E+04,-41.00
5.73E+04,-39.44
5.74E+04,-41.79
5.74E+04,-36.98
5.75E+04,-42.34
5.76E+04,-45.74
5.76E+04,-32.45
5.77E+04,-38.66
5.78E+04,-38.52
5.78E+04,-35.83
5.79E+04,-36.17
5.79E+04,-34.55
5.80E+04,-30.59
5.81E+04,-40.07
5.81E+04,-27.88
5.82E+04,-31.92
5.83E+04,-36.02
5.83E+04,-26.35
5.84E+04,-39.97
5.84E+04,-37.37
5.85E+04,-28.67
5.86E+04,-34.53
5.86E+04,-37.48
5.87E+04,-62.46
5.88E+04,-38.80
5.88E+04,-34.37
5.89E+04,-41.67
5.89E+04,-42.75
5.90E+04,-36.50
5.91E+04,-38.07
5.91E+04,-33.60
5.92E+04,-35.85
5.93E+04,-41.28
5.93E+04,-38.61
5.94E+04,-37.06
5.94E+04,-37.44
5.95E+04,-36.94
5.96E+04,-44.88
5.96E+04,-37.55
5.97E+04,-32.74
5.98E+04,-38.23
5.98E+04,-33.53
5.99E+04,-34.32
5.99E+04,-45.65
6.00E+04,-39.93
6.01E+04,-29.65
6.01E+04,-38.60
6.02E+04,-31.91
6.03E+04,-38.90
6.03E+04,-26.98
6.04E+04,-39.50
6.04E+04,-29.72
6.05E+04,-42.20
6.06E+04,-41.05
6.06E+04,-34.75
6.07E+04,-44.56
6.08E+04,-40.34
6.08E+04,-36.21
6.09E+04,-43.93
6.09E+04,-40.10
6.10E+04,-35.28
6.11E+04,-49.76
6.11E+04,-37.16
6.12E+04,-45.99
6.13E+04,-34.94
6.13E+04,-39.60
6.14E+04,-38.86
6.14E+04,-34.44
6.15E+04,-28.50
6.16E+04,-34.68
6.16E+04,-38.96
6.17E+04,-38.83
6.18E+04,-37.52
6.18E+04,-39.76
6.19E+04,-41.78
6.19E+04,-28.76
6.20E+04,-37.19
6.21E+04,-34.61
6.21E+04,-37.38
6.22E+04,-33.34
6.23E+04,-41.73
6.23E+04,-33.53
6.24E+04,-41.88
6.24E+04,-31.20
6.25E+04,-35.54
6.26E+04,-35.63
6.26E+04,-38.45
6.27E+04,-46.49
6.28E+04,-38.37
6.28E+04,-43.30
6.29E+04,-39.79
6.29E+04,-35.23
6.30E+04,-42.30
6.31E+04,-36.71
6.31E+04,-43.32
6.32E+04,-41.45
6.33E+04,-43.74
6.33E+04,-38.36
6.34E+04,-43.36
6.34E+04,-45.08
6.35E+04,-43.54
6.36E+04,-29.32
6.36E+04,-34.16
6.37E+04,-39.00
6.38E+04,-37.85
6.38E+04,-42.63
6.39E+04,-39.23
6.39E+04,-31.92
6.40E+04,-36.80
6.41E+04,-41.64
6.41E+04,-44.87
6.42E+04,-30.21
6.43E+04,-39.04
6.43E+04,-36.98
6.44E+04,-35.31
6.44E+04,-35.09
6.45E+04,-36.73
6.46E+04,-34.91
6.46E+04,-38.17
6.47E+04,-33.31
6.48E+04,-36.55
6.48E+04,-42.64
6.49E+04,-37.54
6.49E+04,-40.66
6.50E+04,-36.71
6.51E+04,-40.66
6.51E+04,-32.02
6.52E+04,-42.88
6.53E+04,-34.50
6.53E+04,-33.36
6.54E+04,-41.64
6.54E+04,-34.60
6.55E+04,-48.39
6.56E+04,-37.01
6.56E+04,-35.57
6.57E+04,-37.74
6.58E+04,-38.36
6.58E+04,-35.36
6.59E+04,-40.25
6.59E+04,-40.69
6.60E+04,-48.85
6.61E+04,-35.29
6.61E+04,-40.15
6.62E+04,-38.09
6.63E+04,-39.16
6.63E+04,-33.09
6.64E+04,-47.59
6.64E+04,-29.32
6.65E+04,-36.49
6.66E+04,-33.51
6.66E+04,-38.00
6.67E+04,-33.46
6.68E+04,-42.66
6.68E+04,-33.99
6.69E+04,-43.65
6.69E+04,-41.20
6.70E+04,-44.40
6.71E+04,-36.60
6.71E+04,-37.04
6.72E+04,-43.62
6.73E+04,-31.79
6.73E+04,-44.14
6.74E+04,-37.01
6.74E+04,-28.65
6.75E+04,-35.04
6.76E+04,-29.45
6.76E+04,-36.95
6.77E+04,-43.09
6.78E+04,-39.49
6.78E+04,-32.76
6.79E+04,-31.20
6.79E+04,-34.15
6.80E+04,-33.99
6.81E+04,-31.81
6.81E+04,-40.94
6.82E+04,-33.50
6.83E+04,-43.93
6.83E+04,-44.49
6.84E+04,-34.30
6.84E+04,-35.67
6.85E+04,-39.20
6.86E+04,-33.97
6.86E+04,-36.98
6.87E+04,-47.82
6.88E+04,-44.41
6.88E+04,-35.80
6.89E+04,-38.42
6.89E+04,-36.23
6.90E+04,-38.19
6.91E+04,-43.94
6.91E+04,-37.12
6.92E+04,-35.33
6.93E+04,-38.23
6.93E+04,-37.81
6.94E+04,-35.65
6.94E+04,-44.37
6.95E+04,-37.40
6.96E+04,-32.59
6.96E+04,-29.08
6.97E+04,-38.26
6.98E+04,-33.33
6.98E+04,-41.40
6.99E+04,-31.00
6.99E+04,-31.43
7.00E+04,-38.39
7.01E+04,-22.26
7.01E+04,-35.75
7.02E+04,-25.49
7.03E+04,-35.24
7.03E+04,-31.84
7.04E+04,-31.49
7.04E+04,-28.47
7.05E+04,-28.41
7.06E+04,-38.68
7.06E+04,-44.11
7.07E+04,-42.72
7.08E+04,-33.30
7.08E+04,-35.60
7.09E+04,-35.11
7.09E+04,-33.83
7.10E+04,-46.27
7.11E+04,-44.43
7.11E+04,-35.18
7.12E+04,-38.88
7.13E+04,-42.06
7.13E+04,-35.05
7.14E+04,-32.54
7.14E+04,-32.72
7.15E+04,-27.40
7.16E+04,-40.58
7.16E+04,-25.84
7.17E+04,-40.36
7.18E+04,-36.82
7.18E+04,-39.53
7.19E+04,-34.16
7.19E+04,-38.37
7.20E+04,-36.70
7.21E+04,-26.40
7.21E+04,-34.79
7.22E+04,-31.55
7.23E+04,-37.06
7.23E+04,-44.88
7.24E+04,-45.88
7.24E+04,-42.62
7.25E+04,-41.43
7.26E+04,-34.72
7.26E+04,-34.91
7.27E+04,-33.67
7.28E+04,-42.84
7.28E+04,-46.89
7.29E+04,-41.08
7.29E+04,-37.77
7.30E+04,-42.14
7.31E+04,-51.70
7.31E+04,-37.46
7.32E+04,-53.51
7.33E+04,-34.08
7.33E+04,-33.97
7.34E+04,-43.11
7.34E+04,-32.92
7.35E+04,-42.32
7.36E+04,-31.55
7.36E+04,-36.94
7.37E+04,-30.44
7.38E+04,-37.69
7.38E+04,-42.41
7.39E+04,-38.86
7.39E+04,-40.09
7.40E+04,-35.15
7.41E+04,-41.78
7.41E+04,-48.99
7.42E+04,-39.16
7.43E+04,-41.15
7.43E+04,-37.22
7.44E+04,-32.34
7.44E+04,-44.83
7.45E+04,-35.11
7.46E+04,-49.49
7.46E+04,-45.60
7.47E+04,-34.71
7.48E+04,-49.45
7.48E+04,-38.52
7.49E+04,-36.78
7.49E+04,-35.99
7.50E+04,-39.59
7.51E+04,-35.31
7.51E+04,-37.36
7.52E+04,-37.79
7.53E+04,-26.17
7.53E+04,-32.75
7.54E+04,-43.66
7.54E+04,-40.13
7.55E+04,-34.38
7.56E+04,-37.81
7.56E+04,-43.28
7.57E+04,-46.33
7.58E+04,-33.25
7.58E+04,-32.49
7.59E+04,-30.83
7.59E+04,-32.05
7.60E+04,-36.23
7.61E+04,-47.95
7.61E+04,-29.54
7.62E+04,-37.70
7.63E+04,-33.96
7.63E+04,-36.25
7.64E+04,-35.63
7.64E+04,-34.54
7.65E+04,-43.55
7.66E+04,-33.79
7.66E+04,-37.30
7.67E+04,-45.75
7.68E+04,-43.34
7.68E+04,-45.04
7.69E+04,-34.15
7.69E+04,-39.99
7.70E+04,-30.56
7.71E+04,-39.04
7.71E+04,-33.71
7.72E+04,-39.02
7.73E+04,-37.28
7.73E+04,-45.49
7.74E+04,-42.29
7.74E+04,-34.17
7.75E+04,-31.01
7.76E+04,-35.79
7.76E+04,-34.30
7.77E+04,-34.47
7.78E+04,-33.09
7.78E+04,-35.92
7.79E+04,-29.31
7.79E+04,-44.83
7.80E+04,-41.55
7.81E+04,-37.39
7.81E+04,-40.75
7.82E+04,-55.92
7.83E+04,-38.04
7.83E+04,-41.90
7.84E+04,-39.82
7.84E+04,-36.55
7.85E+04,-39.56
7.86E+04,-38.67
7.86E+04,-34.64
7.87E+04,-40.34
7.88E+04,-45.96
7.88E+04,-31.57
7.89E+04,-33.55
7.89E+04,-34.83
7.90E+04,-33.92
7.91E+04,-36.59
7.91E+04,-30.82
7.92E+04,-30.06
7.93E+04,-29.70
7.93E+04,-35.32
7.94E+04,-33.02
7.94E+04,-33.68
7.95E+04,-33.77
7.96E+04,-50.51
7.96E+04,-30.89
7.97E+04,-34.88
7.98E+04,-40.37
7.98E+04,-35.20
7.99E+04,-32.27
7.99E+04,-34.50
8.00E+04,-48.09
8.01E+04,-21.83
8.01E+04,-51.20
8.02E+04,-24.41
8.03E+04,-35.53
8.03E+04,-36.87
8.04E+04,-50.77
8.04E+04,-28.25
8.05E+04,-33.89
8.06E+04,-38.56
8.06E+04,-41.89
8.07E+04,-38.51
8.08E+04,-32.23
8.08E+04,-38.19
8.09E+04,-40.34
8.09E+04,-33.72
8.10E+04,-33.02
8.11E+04,-33.41
8.11E+04,-32.83
8.12E+04,-29.79
8.13E+04,-33.50
8.13E+04,-47.70
8.14E+04,-31.22
8.14E+04,-38.38
8.15E+04,-32.99
8.16E+04,-41.04
8.16E+04,-35.81
8.17E+04,-42.59
8.18E+04,-32.64
8.18E+04,-45.74
8.19E+04,-36.01
8.19E+04,-37.64
8.20E+04,-32.94
8.21E+04,-41.92
8.21E+04,-40.96
8.22E+04,-33.74
8.23E+04,-31.49
8.23E+04,-41.77
8.24E+04,-42.92
8.24E+04,-37.81
8.25E+04,-35.29
8.26E+04,-32.25
8.26E+04,-30.84
8.27E+04,-35.94
8.28E+04,-41.96
8.28E+04,-35.05
8.29E+04,-35.51
8.29E+04,-43.76
8.30E+04,-38.67
8.31E+04,-54.48
8.31E+04,-43.14
8.32E+04,-38.13
8.33E+04,-31.86
8.33E+04,-41.91
8.34E+04,-46.83
8.34E+04,-42.49
8.35E+04,-35.57
8.36E+04,-37.71
8.36E+04,-39.23
8.37E+04,-35.77
8.38E+04,-30.75
8.38E+04,-30.03
8.39E+04,-36.23
8.39E+04,-34.67
8.40E+04,-32.52
8.41E+04,-36.17
8.41E+04,-44.68
8.42E+04,-30.52
8.43E+04,-42.48
8.43E+04,-35.18
8.44E+04,-36.32
8.44E+04,-35.05
8.45E+04,-35.33
8.46E+04,-28.46
8.46E+04,-32.22
8.47E+04,-30.54
8.48E+04,-34.54
8.48E+04,-37.33
8.49E+04,-35.59
8.49E+04,-38.44
8.50E+04,-50.67
8.51E+04,-38.87
8.51E+04,-37.25
8.52E+04,-39.42
8.53E+04,-35.28
8.53E+04,-51.39
8.54E+04,-33.29
8.54E+04,-40.60
8.55E+04,-45.27
8.56E+04,-34.85
8.56E+04,-36.14
8.57E+04,-35.05
8.58E+04,-34.91
8.58E+04,-31.03
8.59E+04,-34.63
8.59E+04,-37.83
8.60E+04,-35.45
8.61E+04,-42.89
8.61E+04,-32.81
8.62E+04,-28.08
8.63E+04,-39.95
8.63E+04,-37.26
8.64E+04,-48.41
8.64E+04,-25.62
8.65E+04,-37.56
8.66E+04,-31.24
8.66E+04,-31.64
8.67E+04,-30.55
8.68E+04,-43.42
8.68E+04,-37.31
8.69E+04,-39.62
8.69E+04,-39.03
8.70E+04,-25.26
8.71E+04,-36.56
8.71E+04,-34.51
8.72E+04,-35.43
8.73E+04,-44.33
8.73E+04,-37.76
8.74E+04,-29.94
8.74E+04,-38.54
8.75E+04,-34.91
8.76E+04,-30.85
8.76E+04,-43.21
8.77E+04,-41.27
8.78E+04,-34.85
8.78E+04,-37.82
8.79E+04,-30.72
8.79E+04,-41.68
8.80E+04,-50.54
8.81E+04,-29.79
8.81E+04,-45.83
8.82E+04,-39.75
8.83E+04,-46.78
8.83E+04,-25.82
8.84E+04,-37.39
8.84E+04,-30.85
8.85E+04,-35.99
8.86E+04,-38.82
8.86E+04,-35.91
8.87E+04,-43.71
8.88E+04,-40.38
8.88E+04,-36.55
8.89E+04,-43.07
8.89E+04,-30.85
8.90E+04,-31.08
8.91E+04,-46.01
8.91E+04,-41.32
8.92E+04,-33.17
8.93E+04,-31.87
8.93E+04,-44.12
8.94E+04,-26.33
8.94E+04,-39.68
8.95E+04,-31.58
8.96E+04,-38.19
8.96E+04,-30.83
8.97E+04,-35.81
8.98E+04,-28.64
8.98E+04,-36.92
8.99E+04,-32.53
8.99E+04,-25.43
9.00E+04,-42.24
9.01E+04,-33.82
9.01E+04,-39.06
9.02E+04,-23.60
9.03E+04,-38.37
9.03E+04,-34.65
9.04E+04,-35.48
9.04E+04,-38.88
9.05E+04,-34.76
9.06E+04,-39.87
9.06E+04,-40.94
9.07E+04,-38.27
9.08E+04,-35.02
9.08E+04,-38.46
9.09E+04,-31.83
9.09E+04,-43.66
9.10E+04,-37.39
9.11E+04,-44.96
9.11E+04,-38.62
9.12E+04,-33.70
9.13E+04,-31.96
9.13E+04,-35.45
9.14E+04,-31.82
9.14E+04,-34.52
9.15E+04,-28.99
9.16E+04,-38.35
9.16E+04,-30.78
9.17E+04,-45.15
9.18E+04,-36.27
9.18E+04,-30.23
9.19E+04,-44.71
9.19E+04,-41.30
9.20E+04,-35.83
9.21E+04,-29.14
9.21E+04,-40.40
9.22E+04,-37.44
9.23E+04,-42.19
9.23E+04,-38.45
9.24E+04,-38.97
9.24E+04,-43.44
9.25E+04,-31.15
9.26E+04,-38.09
9.26E+04,-33.56
9.27E+04,-32.43
9.28E+04,-40.50
9.28E+04,-39.80
9.29E+04,-44.41
9.29E+04,-34.43
9.30E+04,-37.99
9.31E+04,-43.46
9.31E+04,-34.86
9.32E+04,-35.81
9.33E+04,-41.64
9.33E+04,-40.03
9.34E+04,-31.14
9.34E+04,-38.76
9.35E+04,-43.74
9.36E+04,-31.91
9.36E+04,-43.74
9.37E+04,-33.59
9.38E+04,-40.17
9.38E+04,-35.03
9.39E+04,-39.79
9.39E+04,-38.97
9.40E+04,-34.94
9.41E+04,-47.44
9.41E+04,-29.31
9.42E+04,-37.84
9.43E+04,-35.89
9.43E+04,-38.96
9.44E+04,-36.39
9.44E+04,-30.79
9.45E+04,-43.03
9.46E+04,-35.41
9.46E+04,-32.29
9.47E+04,-30.27
9.48E+04,-43.43
9.48E+04,-37.11
9.49E+04,-37.37
9.49E+04,-40.79
9.50E+04,-32.76
9.51E+04,-34.46
9.51E+04,-41.25
9.52E+04,-40.46
9.53E+04,-40.33
9.53E+04,-37.38
9.54E+04,-40.37
9.54E+04,-37.20
9.55E+04,-42.41
9.56E+04,-39.09
9.56E+04,-42.66
9.57E+04,-34.62
9.58E+04,-38.03
9.58E+04,-29.00
9.59E+04,-35.14
9.59E+04,-37.70
9.60E+04,-41.01
9.61E+04,-33.11
9.61E+04,-38.85
9.62E+04,-34.25
9.63E+04,-34.16
9.63E+04,-30.64
9.64E+04,-44.23
9.64E+04,-28.99
9.65E+04,-35.62
9.66E+04,-27.78
9.66E+04,-37.61
9.67E+04,-47.86
9.68E+04,-37.42
9.68E+04,-30.36
9.69E+04,-31.75
9.69E+04,-38.27
9.70E+04,-34.19
9.71E+04,-34.69
9.71E+04,-38.64
9.72E+04,-41.15
9.73E+04,-45.06
9.73E+04,-49.50
9.74E+04,-27.46
9.74E+04,-36.57
9.75E+04,-46.23
9.76E+04,-32.48
9.76E+04,-33.18
9.77E+04,-34.38
9.78E+04,-32.49
9.78E+04,-52.85
9.79E+04,-34.37
9.79E+04,-31.52
9.80E+04,-32.01
9.81E+04,-34.10
9.81E+04,-34.35
9.82E+04,-31.26
9.83E+04,-31.30
9.83E+04,-27.87
9.84E+04,-33.34
9.84E+04,-44.37
9.85E+04,-38.71
9.86E+04,-35.20
9.86E+04,-35.73
9.87E+04,-35.30
9.88E+04,-34.40
9.88E+04,-28.33
9.89E+04,-33.05
9.89E+04,-33.77
9.90E+04,-32.42
9.91E+04,-40.70
9.91E+04,-39.94
9.92E+04,-48.37
9.93E+04,-32.90
9.93E+04,-32.81
9.94E+04,-41.92
9.94E+04,-33.43
9.95E+04,-32.73
9.96E+04,-36.13
9.96E+04,-42.45
9.97E+04,-36.07
9.98E+04,-32.33
9.98E+04,-31.94
9.99E+04,-32.84
9.99E+04,-26.36
1.00E+05,-33.36
1.00E+05,-24.72
1.00E+05,-40.19
1.00E+05,-31.68
1.00E+05,-33.87
1.00E+05,-30.27
1.00E+05,-31.55
1.00E+05,-37.05
1.01E+05,-28.82
1.01E+05,-31.29
1.01E+05,-40.52
1.01E+05,-37.84
1.01E+05,-33.52
1.01E+05,-36.74
1.01E+05,-33.46
1.01E+05,-36.95
1.01E+05,-33.23
1.01E+05,-35.96
1.01E+05,-41.00
1.01E+05,-33.85
1.01E+05,-37.38
1.01E+05,-36.02
1.01E+05,-26.63
1.01E+05,-29.92
1.02E+05,-34.62
1.02E+05,-37.40
1.02E+05,-30.42
1.02E+05,-32.04
1.02E+05,-33.54
1.02E+05,-29.44
1.02E+05,-49.01
1.02E+05,-34.07
1.02E+05,-35.70
1.02E+05,-34.37
1.02E+05,-33.76
1.02E+05,-30.14
1.02E+05,-41.51
1.02E+05,-35.93
1.02E+05,-34.67
1.02E+05,-33.95
1.03E+05,-33.20
1.03E+05,-32.64
1.03E+05,-46.56
1.03E+05,-29.87
1.03E+05,-27.51
1.03E+05,-40.87
1.03E+05,-30.33
1.03E+05,-31.54
1.03E+05,-36.80
1.03E+05,-30.11
1.03E+05,-38.30
1.03E+05,-33.97
1.03E+05,-29.97
1.03E+05,-36.19
1.03E+05,-43.47
1.03E+05,-31.16
1.04E+05,-32.87
1.04E+05,-39.33
1.04E+05,-32.77
1.04E+05,-34.46
1.04E+05,-35.17
1.04E+05,-39.08
1.04E+05,-31.62
1.04E+05,-42.89
1.04E+05,-31.73
1.04E+05,-29.39
1.04E+05,-42.94
1.04E+05,-40.15
1.04E+05,-31.12
1.04E+05,-29.82
1.04E+05,-37.04
1.04E+05,-38.55
1.05E+05,-36.59
1.05E+05,-32.58
1.05E+05,-32.48
1.05E+05,-31.31
1.05E+05,-33.76
1.05E+05,-41.43
1.05E+05,-37.99
1.05E+05,-38.69
1.05E+05,-33.44
1.05E+05,-37.59
1.05E+05,-36.83
1.05E+05,-29.59
1.05E+05,-27.45
1.05E+05,-36.72
1.05E+05,-35.08
1.05E+05,-46.82
1.06E+05,-31.62
1.06E+05,-42.63
1.06E+05,-33.02
1.06E+05,-33.21
1.06E+05,-35.30
1.06E+05,-35.20
1.06E+05,-41.64
1.06E+05,-39.23
1.06E+05,-44.49
1.06E+05,-32.82
1.06E+05,-34.41
1.06E+05,-44.75
1.06E+05,-38.35
1.06E+05,-37.11
1.06E+05,-31.79
1.06E+05,-28.89
1.07E+05,-38.48
1.07E+05,-27.74
1.07E+05,-31.29
1.07E+05,-35.55
1.07E+05,-39.90
1.07E+05,-34.98
1.07E+05,-31.19
1.07E+05,-56.97
1.07E+05,-42.31
1.07E+05,-39.39
1.07E+05,-31.19
1.07E+05,-40.08
1.07E+05,-39.09
1.07E+05,-26.71
1.07E+05,-28.41
1.07E+05,-29.90
1.08E+05,-27.31
1.08E+05,-31.53
1.08E+05,-41.95
1.08E+05,-32.47
1.08E+05,-32.27
1.08E+05,-37.11
1.08E+05,-32.35
1.08E+05,-35.05
1.08E+05,-34.01
1.08E+05,-41.12
1.08E+05,-44.56
1.08E+05,-25.98
1.08E+05,-46.44
1.08E+05,-31.55
1.08E+05,-32.34
1.08E+05,-31.54
1.09E+05,-42.07
1.09E+05,-36.74
1.09E+05,-34.23
1.09E+05,-40.84
1.09E+05,-39.35
1.09E+05,-40.87
1.09E+05,-30.40
1.09E+05,-34.28
1.09E+05,-40.03
1.09E+05,-32.67
1.09E+05,-25.03
1.09E+05,-29.85
1.09E+05,-32.49
1.09E+05,-36.55
1.09E+05,-36.95
1.09E+05,-33.48
1.10E+05,-39.68
1.10E+05,-36.92
1.10E+05,-33.34
1.10E+05,-39.03
1.10E+05,-27.74
1.10E+05,-32.94
1.10E+05,-34.32
1.10E+05,-26.93
1.10E+05,-33.44
1.10E+05,-25.73
1.10E+05,-39.77
1.10E+05,-30.42
1.10E+05,-28.17
1.10E+05,-30.70
1.10E+05,-38.81
1.10E+05,-29.30
1.11E+05,-31.41
1.11E+05,-33.35
1.11E+05,-39.73
1.11E+05,-32.21
1.11E+05,-49.30
1.11E+05,-44.15
1.11E+05,-31.39
1.11E+05,-31.96
1.11E+05,-33.86
1.11E+05,-34.92
1.11E+05,-29.65
1.11E+05,-38.63
1.11E+05,-36.03
1.11E+05,-33.40
1.11E+05,-32.54
1.11E+05,-30.26
1.12E+05,-34.61
1.12E+05,-27.84
1.12E+05,-39.45
1.12E+05,-36.04
1.12E+05,-45.11
1.12E+05,-34.26
1.12E+05,-37.97
1.12E+05,-32.21
1.12E+05,-32.98
1.12E+05,-38.03
1.12E+05,-33.46
1.12E+05,-38.32
1.12E+05,-32.65
1.12E+05,-50.01
1.12E+05,-38.25
1.12E+05,-43.05
1.13E+05,-36.88
1.13E+05,-35.81
1.13E+05,-33.90
1.13E+05,-34.26
1.13E+05,-26.85
1.13E+05,-42.93
1.13E+05,-36.87
1.13E+05,-34.85
1.13E+05,-27.29
1.13E+05,-36.02
1.13E+05,-34.97
1.13E+05,-32.59
1.13E+05,-33.75
1.13E+05,-38.57
1.13E+05,-31.38
1.13E+05,-52.72
1.14E+05,-37.94
1.14E+05,-33.68
1.14E+05,-35.38
1.14E+05,-33.07
1.14E+05,-30.67
1.14E+05,-44.09
1.14E+05,-31.16
1.14E+05,-34.47
1.14E+05,-36.39
1.14E+05,-36.73
1.14E+05,-33.91
1.14E+05,-39.56
1.14E+05,-48.31
1.14E+05,-32.39
1.14E+05,-32.83
1.14E+05,-43.62
1.15E+05,-31.39
1.15E+05,-29.90
1.15E+05,-33.03
1.15E+05,-37.89
1.15E+05,-36.64
1.15E+05,-35.04
1.15E+05,-28.71
1.15E+05,-31.48
1.15E+05,-30.58
1.15E+05,-44.89
1.15E+05,-29.71
1.15E+05,-31.73
1.15E+05,-36.87
1.15E+05,-35.74
1.15E+05,-33.92
1.15E+05,-33.00
1.16E+05,-32.54
1.16E+05,-28.11
1.16E+05,-37.49
1.16E+05,-32.16
1.16E+05,-43.63
1.16E+05,-33.90
1.16E+05,-32.50
1.16E+05,-36.91
1.16E+05,-36.06
1.16E+05,-32.63
1.16E+05,-33.72
1.16E+05,-37.60
1.16E+05,-34.26
1.16E+05,-32.32
1.16E+05,-37.49
1.16E+05,-31.46
1.17E+05,-35.49
1.17E+05,-24.73
1.17E+05,-34.31
1.17E+05,-35.86
1.17E+05,-26.32
1.17E+05,-29.34
1.17E+05,-27.89
1.17E+05,-38.78
1.17E+05,-30.67
1.17E+05,-38.01
1.17E+05,-37.74
1.17E+05,-30.40
1.17E+05,-32.84
1.17E+05,-47.00
1.17E+05,-43.77
1.17E+05,-32.60
1.18E+05,-42.31
1.18E+05,-31.36
1.18E+05,-41.86
1.18E+05,-33.45
1.18E+05,-33.27
1.18E+05,-27.85
1.18E+05,-29.71
1.18E+05,-32.17
1.18E+05,-39.31
1.18E+05,-29.21
1.18E+05,-39.62
1.18E+05,-32.21
1.18E+05,-34.83
1.18E+05,-32.29
1.18E+05,-47.19
1.18E+05,-28.53
1.19E+05,-36.81
1.19E+05,-31.58
1.19E+05,-24.23
1.19E+05,-39.29
1.19E+05,-37.56
1.19E+05,-35.76
1.19E+05,-29.57
1.19E+05,-29.89
1.19E+05,-33.51
1.19E+05,-43.61
1.19E+05,-24.03
1.19E+05,-34.51
1.19E+05,-43.14
1.19E+05,-31.97
1.19E+05,-28.26
1.19E+05,-28.12
1.20E+05,-33.79
1.20E+05,-44.36
1.20E+05,-29.41
1.20E+05,-26.57
1.20E+05,-34.11
1.20E+05,-37.12
1.20E+05,-31.12
1.20E+05,-26.14
1.20E+05,-36.73
1.20E+05,-27.19
1.20E+05,-39.89
1.20E+05,-23.84
1.20E+05,-37.12
1.20E+05,-31.68
1.20E+05,-30.54
1.20E+05,-34.95
1.21E+05,-30.07
1.21E+05,-30.77
1.21E+05,-32.09
1.21E+05,-34.39
1.21E+05,-32.50
1.21E+05,-28.58
1.21E+05,-29.96
1.21E+05,-37.12
1.21E+05,-26.17
1.21E+05,-33.00
1.21E+05,-33.24
1.21E+05,-39.16
1.21E+05,-25.42
1.21E+05,-28.44
1.21E+05,-31.26
1.21E+05,-41.15
1.22E+05,-26.13
1.22E+05,-29.08
1.22E+05,-34.34
1.22E+05,-39.72
1.22E+05,-44.45
1.22E+05,-25.37
1.22E+05,-41.19
1.22E+05,-34.65
1.22E+05,-41.77
1.22E+05,-26.74
1.22E+05,-33.38
1.22E+05,-38.78
1.22E+05,-35.49
1.22E+05,-30.87
1.22E+05,-36.18
1.22E+05,-30.52
1.23E+05,-33.05
1.23E+05,-29.21
1.23E+05,-32.25
1.23E+05,-39.36
1.23E+05,-32.83
1.23E+05,-40.96
1.23E+05,-32.65
1.23E+05,-34.36
1.23E+05,-38.16
1.23E+05,-38.95
1.23E+05,-36.99
1.23E+05,-40.76
1.23E+05,-33.01
1.23E+05,-35.20
1.23E+05,-34.77
1.23E+05,-41.25
1.24E+05,-43.50
1.24E+05,-37.91
1.24E+05,-32.25
1.24E+05,-41.08
1.24E+05,-38.46
1.24E+05,-33.10
1.24E+05,-46.13
1.24E+05,-36.00
1.24E+05,-37.62
1.24E+05,-42.25
1.24E+05,-36.82
1.24E+05,-48.28
1.24E+05,-34.37
1.24E+05,-40.07
1.24E+05,-38.94
1.24E+05,-33.73
1.25E+05,-39.69
1.25E+05,-29.85
1.25E+05,-42.08
1.25E+05,-42.68
1.25E+05,-39.07
1.25E+05,-39.51
1.25E+05,-30.80
1.25E+05,-36.01
