x-axis,1,2
second,Volt,Volt
-1.280000E-03,-16.716080584E+00,-6.143216148E+00
-1.275000E-03,-16.515075557E+00,-15.188442349E+00
-1.270000E-03,-16.515075557E+00,+10.138191015E+00
-1.265000E-03,-16.716080584E+00,-8.555276468E+00
-1.260000E-03,-16.816583097E+00,-13.781407163E+00
-1.255000E-03,-16.816583097E+00,+12.751256362E+00
-1.250000E-03,-15.912060477E+00,-21.218593150E+00
-1.245000E-03,-17.118090637E+00,-11.972361922E+00
-1.240000E-03,-16.515075557E+00,+6.319095507E+00
-1.235000E-03,-16.414573044E+00,-19.610552937E+00
-1.230000E-03,-16.816583097E+00,+3.706030160E+00
-1.225000E-03,-10.484924756E+00,-20.012562990E+00
-1.220000E-03,-17.118090637E+00,-12.575377002E+00
-1.215000E-03,-16.414573044E+00,-716.080427E-03
-1.210000E-03,-16.515075557E+00,-24.032663524E+00
-1.205000E-03,-16.716080584E+00,+9.133165881E+00
-1.200000E-03,-16.716080584E+00,-26.243718818E+00
-1.195000E-03,-16.816583097E+00,+6.118090481E+00
-1.190000E-03,-16.716080584E+00,-34.685929939E+00
-1.185000E-03,-16.414573044E+00,-42.726131007E+00
-1.180000E-03,-16.414573044E+00,-44.133166194E+00
-1.175000E-03,-16.414573044E+00,-44.133166194E+00
-1.170000E-03,-16.816583097E+00,-44.736181274E+00
-1.165000E-03,-16.716080584E+00,-44.133166194E+00
-1.160000E-03,-16.816583097E+00,-44.133166194E+00
-1.155000E-03,-16.414573044E+00,-43.530151114E+00
-1.150000E-03,-16.816583097E+00,-44.133166194E+00
-1.145000E-03,-16.414573044E+00,-43.530151114E+00
-1.140000E-03,-16.113065504E+00,-44.133166194E+00
-1.135000E-03,-16.314070530E+00,-44.133166194E+00
-1.130000E-03,-16.515075557E+00,-44.535176247E+00
-1.125000E-03,-16.414573044E+00,-44.133166194E+00
-1.120000E-03,-16.816583097E+00,-43.329146087E+00
-1.115000E-03,-16.716080584E+00,-43.329146087E+00
-1.110000E-03,-16.414573044E+00,-43.932161167E+00
-1.105000E-03,-16.113065504E+00,-44.133166194E+00
-1.100000E-03,-16.314070530E+00,-44.133166194E+00
-1.095000E-03,-16.716080584E+00,-44.736181274E+00
-1.090000E-03,-16.414573044E+00,-44.133166194E+00
-1.085000E-03,-16.414573044E+00,-43.329146087E+00
-1.080000E-03,-16.414573044E+00,-43.530151114E+00
-1.075000E-03,-16.314070530E+00,-43.329146087E+00
-1.070000E-03,-16.515075557E+00,-43.932161167E+00
-1.065000E-03,-16.515075557E+00,-44.133166194E+00
-1.060000E-03,-16.414573044E+00,-44.535176247E+00
-1.055000E-03,-16.113065504E+00,-43.932161167E+00
-1.050000E-03,-16.113065504E+00,-43.932161167E+00
-1.045000E-03,-16.113065504E+00,-44.133166194E+00
-1.040000E-03,-16.515075557E+00,-43.932161167E+00
-1.035000E-03,-16.515075557E+00,-44.133166194E+00
-1.030000E-03,-16.314070530E+00,-43.530151114E+00
-1.025000E-03,-16.113065504E+00,-44.133166194E+00
-1.020000E-03,-16.113065504E+00,-44.133166194E+00
-1.015000E-03,-16.414573044E+00,-43.932161167E+00
-1.010000E-03,-15.711055450E+00,-31.871859565E+00
-1.005000E-03,-16.816583097E+00,-4.133165881E+00
-1.000000E-03,-16.515075557E+00,+9.334170908E+00
-995.000E-06,-16.615578070E+00,-9.359296575E+00
-990.000E-06,-15.711055450E+00,-12.977387056E+00
-985.000E-06,-16.716080584E+00,-3.128140748E+00
-980.000E-06,-17.620603204E+00,+15.565326735E+00
-975.000E-06,-16.314070530E+00,-515.075400E-03
-970.000E-06,-15.912060477E+00,-14.585427269E+00
-965.000E-06,-16.314070530E+00,-5.741206095E+00
-960.000E-06,-16.816583097E+00,+14.962311655E+00
-955.000E-06,-16.113065504E+00,-2.324120641E+00
-950.000E-06,-15.711055450E+00,-13.982412189E+00
-945.000E-06,-16.414573044E+00,-1.922110587E+00
-940.000E-06,-16.515075557E+00,+12.148241282E+00
-935.000E-06,-15.510050423E+00,-10.565326735E+00
-930.000E-06,-16.012562990E+00,-12.374371976E+00
-925.000E-06,-16.615578070E+00,+5.314070374E+00
-920.000E-06,-16.213568017E+00,+6.118090481E+00
-915.000E-06,-15.610552937E+00,-16.394472510E+00
-910.000E-06,-16.314070530E+00,-7.148241282E+00
-905.000E-06,-16.414573044E+00,+13.354271442E+00
-900.000E-06,-15.711055450E+00,-9.761306629E+00
-895.000E-06,-16.012562990E+00,-12.776382029E+00
-890.000E-06,-16.414573044E+00,+8.932160854E+00
-885.000E-06,-16.314070530E+00,-113.065347E-03
-880.000E-06,-15.912060477E+00,-16.193467483E+00
-875.000E-06,-16.917085610E+00,+1.494974867E+00
-870.000E-06,-16.113065504E+00,+2.298994973E+00
-865.000E-06,-15.711055450E+00,-17.198492616E+00
-860.000E-06,-16.314070530E+00,+1.494974867E+00
-855.000E-06,-16.012562990E+00,+489.949733E-03
-850.000E-06,-15.912060477E+00,-17.600502670E+00
-845.000E-06,-16.414573044E+00,+5.113065347E+00
-840.000E-06,-16.213568017E+00,-14.987437323E+00
-835.000E-06,-16.314070530E+00,-16.997487590E+00
-830.000E-06,-16.213568017E+00,+7.927135721E+00
-825.000E-06,-15.912060477E+00,-22.424623311E+00
-820.000E-06,-16.414573044E+00,+1.695979893E+00
-815.000E-06,-15.409547910E+00,-23.429648444E+00
-810.000E-06,-16.113065504E+00,-12.173366949E+00
-805.000E-06,-16.012562990E+00,-12.374371976E+00
-800.000E-06,-16.113065504E+00,-18.203517750E+00
-795.000E-06,-16.012562990E+00,-40.113065660E+00
-790.000E-06,-16.012562990E+00,-43.329146087E+00
-785.000E-06,-16.012562990E+00,-42.927136034E+00
-780.000E-06,-16.012562990E+00,-43.329146087E+00
-775.000E-06,-15.912060477E+00,-43.530151114E+00
-770.000E-06,-16.012562990E+00,-43.932161167E+00
-765.000E-06,-15.912060477E+00,-43.329146087E+00
-760.000E-06,-15.912060477E+00,-43.932161167E+00
-755.000E-06,-15.711055450E+00,-43.530151114E+00
-750.000E-06,-16.012562990E+00,-43.329146087E+00
-745.000E-06,-15.912060477E+00,-43.329146087E+00
-740.000E-06,-16.012562990E+00,-43.329146087E+00
-735.000E-06,-16.314070530E+00,-43.329146087E+00
-730.000E-06,-15.711055450E+00,-43.329146087E+00
-725.000E-06,-15.711055450E+00,-44.133166194E+00
-720.000E-06,-15.912060477E+00,-43.329146087E+00
-715.000E-06,-16.012562990E+00,-43.932161167E+00
-710.000E-06,-15.711055450E+00,-43.329146087E+00
-705.000E-06,-16.012562990E+00,-43.329146087E+00
-700.000E-06,-15.912060477E+00,-43.932161167E+00
-695.000E-06,-16.012562990E+00,-43.329146087E+00
-690.000E-06,-15.912060477E+00,-43.530151114E+00
-685.000E-06,-15.610552937E+00,-43.329146087E+00
-680.000E-06,-15.610552937E+00,-43.329146087E+00
-675.000E-06,-16.012562990E+00,-43.329146087E+00
-670.000E-06,-16.012562990E+00,-43.329146087E+00
-665.000E-06,-16.012562990E+00,-42.726131007E+00
-660.000E-06,-15.912060477E+00,-43.329146087E+00
-655.000E-06,-15.912060477E+00,-43.128141060E+00
-650.000E-06,-16.012562990E+00,-43.932161167E+00
-645.000E-06,-15.610552937E+00,-43.530151114E+00
-640.000E-06,-15.610552937E+00,-43.128141060E+00
-635.000E-06,-16.012562990E+00,-43.329146087E+00
-630.000E-06,-15.610552937E+00,-43.932161167E+00
-625.000E-06,-15.610552937E+00,-43.329146087E+00
-620.000E-06,-15.610552937E+00,-38.103015393E+00
-615.000E-06,-16.113065504E+00,+9.937185988E+00
-610.000E-06,-15.912060477E+00,-4.334170908E+00
-605.000E-06,-15.208542883E+00,-13.781407163E+00
-600.000E-06,-15.510050423E+00,-7.349246308E+00
-595.000E-06,-15.711055450E+00,+6.922110587E+00
-590.000E-06,-15.912060477E+00,+8.731155828E+00
-585.000E-06,-16.113065504E+00,-10.364321709E+00
-580.000E-06,-15.409547910E+00,-10.565326735E+00
-575.000E-06,-16.012562990E+00,-314.070374E-03
-570.000E-06,-16.113065504E+00,+12.550251335E+00
-565.000E-06,-15.610552937E+00,-6.344221175E+00
-560.000E-06,-15.510050423E+00,-11.369346842E+00
-555.000E-06,-15.912060477E+00,+288.944706E-03
-550.000E-06,-16.012562990E+00,+11.746231228E+00
-545.000E-06,-15.711055450E+00,-8.153266415E+00
-540.000E-06,-15.610552937E+00,-12.173366949E+00
-535.000E-06,-16.314070530E+00,+1.695979893E+00
-530.000E-06,-15.711055450E+00,+10.138191015E+00
-525.000E-06,-9.077889569E+00,-13.982412189E+00
-520.000E-06,-15.510050423E+00,-9.962311655E+00
-515.000E-06,-16.716080584E+00,+9.937185988E+00
-510.000E-06,-15.711055450E+00,+3.103015080E+00
-505.000E-06,-15.208542883E+00,-15.188442349E+00
-500.000E-06,-15.912060477E+00,-5.339196041E+00
-495.000E-06,-16.012562990E+00,+12.550251335E+00
-490.000E-06,-16.213568017E+00,-13.178392082E+00
-485.000E-06,-15.610552937E+00,-11.570351869E+00
-480.000E-06,-15.912060477E+00,+10.540201068E+00
-475.000E-06,-15.510050423E+00,-4.133165881E+00
-470.000E-06,-15.208542883E+00,-14.384422243E+00
-465.000E-06,-15.912060477E+00,+7.123115614E+00
-460.000E-06,-15.610552937E+00,-5.942211121E+00
-455.000E-06,-15.510050423E+00,-15.992462456E+00
-450.000E-06,-15.610552937E+00,+7.525125667E+00
-445.000E-06,-16.213568017E+00,-14.585427269E+00
-440.000E-06,-16.113065504E+00,-14.987437323E+00
-435.000E-06,-15.912060477E+00,+9.133165881E+00
-430.000E-06,-15.309045397E+00,-20.816583097E+00
-425.000E-06,-15.912060477E+00,+1.092964813E+00
-420.000E-06,-11.590452403E+00,-18.806532830E+00
-415.000E-06,-15.610552937E+00,-15.992462456E+00
-410.000E-06,-15.610552937E+00,-113.065347E-03
-405.000E-06,-15.510050423E+00,-25.439698711E+00
-400.000E-06,-15.309045397E+00,-40.113065660E+00
-395.000E-06,-15.610552937E+00,-42.525125980E+00
-390.000E-06,-15.610552937E+00,-43.530151114E+00
-385.000E-06,-15.510050423E+00,-42.726131007E+00
-380.000E-06,-15.208542883E+00,-42.726131007E+00
-375.000E-06,-15.208542883E+00,-42.525125980E+00
-370.000E-06,-15.208542883E+00,-42.525125980E+00
-365.000E-06,-15.309045397E+00,-42.726131007E+00
-360.000E-06,-15.610552937E+00,-43.128141060E+00
-355.000E-06,-15.610552937E+00,-42.726131007E+00
-350.000E-06,-15.208542883E+00,-43.128141060E+00
-345.000E-06,-15.309045397E+00,-42.525125980E+00
-340.000E-06,-15.309045397E+00,-43.128141060E+00
-335.000E-06,-15.510050423E+00,-43.128141060E+00
-330.000E-06,-15.309045397E+00,-42.525125980E+00
-325.000E-06,-15.309045397E+00,-42.726131007E+00
-320.000E-06,-15.409547910E+00,-42.726131007E+00
-315.000E-06,-15.208542883E+00,-42.525125980E+00
-310.000E-06,-15.510050423E+00,-43.128141060E+00
-305.000E-06,-15.208542883E+00,-42.525125980E+00
-300.000E-06,-15.208542883E+00,-42.726131007E+00
-295.000E-06,-15.510050423E+00,-43.329146087E+00
-290.000E-06,-15.309045397E+00,-43.128141060E+00
-285.000E-06,-15.309045397E+00,-42.525125980E+00
-280.000E-06,-15.208542883E+00,-43.128141060E+00
-275.000E-06,-15.610552937E+00,-42.726131007E+00
-270.000E-06,-15.610552937E+00,-42.525125980E+00
-265.000E-06,-15.309045397E+00,-42.726131007E+00
-260.000E-06,-15.610552937E+00,-43.128141060E+00
-255.000E-06,-15.309045397E+00,-43.128141060E+00
-250.000E-06,-15.208542883E+00,-42.525125980E+00
-245.000E-06,-15.108040370E+00,-42.525125980E+00
-240.000E-06,-15.610552937E+00,-42.123115927E+00
-235.000E-06,-15.208542883E+00,-42.525125980E+00
-230.000E-06,-15.208542883E+00,-42.525125980E+00
-225.000E-06,-15.208542883E+00,-36.494975179E+00
-220.000E-06,-15.108040370E+00,+10.339196041E+00
-215.000E-06,-15.108040370E+00,-113.065347E-03
-210.000E-06,-14.706030317E+00,-12.173366949E+00
-205.000E-06,-14.806532830E+00,-7.349246308E+00
-200.000E-06,-15.510050423E+00,+1.293969840E+00
-195.000E-06,-15.309045397E+00,+13.153266415E+00
-190.000E-06,-15.208542883E+00,+87.939680E-03
-185.000E-06,-14.706030317E+00,-12.374371976E+00
-180.000E-06,-15.108040370E+00,-6.545226201E+00
-175.000E-06,-9.580402136E+00,+11.545226201E+00
-170.000E-06,-15.208542883E+00,+6.319095507E+00
-165.000E-06,-11.489949889E+00,-13.178392082E+00
-160.000E-06,-14.907035343E+00,-7.349246308E+00
-155.000E-06,-16.917085610E+00,+9.334170908E+00
-150.000E-06,-15.208542883E+00,+7.525125667E+00
-145.000E-06,-14.304020263E+00,-12.977387056E+00
-140.000E-06,-14.806532830E+00,-6.545226201E+00
-135.000E-06,-15.409547910E+00,+13.756281495E+00
-130.000E-06,-15.208542883E+00,+4.309045240E+00
-125.000E-06,-14.806532830E+00,-12.776382029E+00
-120.000E-06,-14.907035343E+00,-4.937185988E+00
-115.000E-06,-14.907035343E+00,+14.560301602E+00
-110.000E-06,-14.907035343E+00,-3.128140748E+00
-105.000E-06,-14.706030317E+00,-11.369346842E+00
-100.000E-06,-13.600502670E+00,+2.500000000E+00
-95.000E-06,-15.309045397E+00,+8.731155828E+00
-90.000E-06,-14.706030317E+00,-14.585427269E+00
-85.000E-06,-14.907035343E+00,-7.952261388E+00
-80.000E-06,-15.510050423E+00,+13.957286522E+00
-75.000E-06,-14.706030317E+00,-10.565326735E+00
-70.000E-06,-15.108040370E+00,-11.369346842E+00
-65.000E-06,-15.208542883E+00,+9.736180961E+00
-60.000E-06,-14.907035343E+00,-3.128140747E+00
-55.000E-06,-15.108040370E+00,-13.781407163E+00
-50.000E-06,-15.208542883E+00,+7.927135721E+00
-45.000E-06,-14.806532830E+00,-6.947236255E+00
-40.000E-06,-15.208542883E+00,-14.585427269E+00
-35.000E-06,-14.907035343E+00,+10.540201068E+00
-30.000E-06,-13.902010210E+00,-16.997487590E+00
-25.000E-06,-15.409547910E+00,-11.771356896E+00
-20.000E-06,-15.208542883E+00,+6.922110587E+00
-15.000E-06,-14.806532830E+00,-19.811557963E+00
-10.000E-06,-15.208542883E+00,+4.510050267E+00
-5.000E-06,+17.655778982E+00,+5.113065347E+00
+0.0E+00,+18.158291548E+00,+41.293970153E+00
+5.000E-06,+18.158291548E+00,+45.917085767E+00
+10.000E-06,+18.158291548E+00,+46.118090794E+00
+15.000E-06,+17.856784008E+00,+46.118090794E+00
+20.000E-06,+17.856784008E+00,+47.123115927E+00
+25.000E-06,+17.454773955E+00,+46.520100847E+00
+30.000E-06,+18.158291548E+00,+46.520100847E+00
+35.000E-06,+18.158291548E+00,+46.118090794E+00
+40.000E-06,+18.158291548E+00,+46.721105874E+00
+45.000E-06,+18.057789035E+00,+46.721105874E+00
+50.000E-06,+18.057789035E+00,+46.721105874E+00
+55.000E-06,+18.158291548E+00,+47.525125980E+00
+60.000E-06,+18.560301602E+00,+46.721105874E+00
+65.000E-06,+18.158291548E+00,+46.922110900E+00
+70.000E-06,+18.057789035E+00,+46.721105874E+00
+75.000E-06,+18.158291548E+00,+47.324120954E+00
+80.000E-06,+17.756281495E+00,+47.525125980E+00
+85.000E-06,+17.756281495E+00,+46.319095820E+00
+90.000E-06,+18.158291548E+00,+47.525125980E+00
+95.000E-06,+18.158291548E+00,+47.123115927E+00
+100.000E-06,+18.158291548E+00,+46.922110900E+00
+105.000E-06,+17.957286522E+00,+48.329146087E+00
+110.000E-06,+17.354271442E+00,+47.525125980E+00
+115.000E-06,+18.158291548E+00,+47.525125980E+00
+120.000E-06,+18.158291548E+00,+47.525125980E+00
+125.000E-06,+18.158291548E+00,+48.329146087E+00
+130.000E-06,+17.756281495E+00,+47.324120954E+00
+135.000E-06,+18.359296575E+00,+48.128141060E+00
+140.000E-06,+18.258794062E+00,+47.726131007E+00
+145.000E-06,+18.057789035E+00,+48.329146087E+00
+150.000E-06,+18.057789035E+00,+47.726131007E+00
+155.000E-06,+18.158291548E+00,+47.123115927E+00
+160.000E-06,+17.856784008E+00,+47.726131007E+00
+165.000E-06,+18.158291548E+00,+48.932161167E+00
+170.000E-06,+18.258794062E+00,+48.329146087E+00
+175.000E-06,+18.560301602E+00,+48.329146087E+00
+180.000E-06,+18.459799089E+00,+47.726131007E+00
+185.000E-06,+18.258794062E+00,+48.329146087E+00
+190.000E-06,+18.057789035E+00,+48.530151114E+00
+195.000E-06,+18.158291548E+00,+48.329146087E+00
+200.000E-06,+18.560301602E+00,+48.530151114E+00
+205.000E-06,+18.560301602E+00,+48.932161167E+00
+210.000E-06,+18.158291548E+00,+49.133166194E+00
+215.000E-06,+18.158291548E+00,+48.329146087E+00
+220.000E-06,+18.057789035E+00,+48.932161167E+00
+225.000E-06,+17.856784008E+00,+49.133166194E+00
+230.000E-06,+18.258794062E+00,+48.530151114E+00
+235.000E-06,+18.459799089E+00,+49.133166194E+00
+240.000E-06,+18.158291548E+00,+49.736181274E+00
+245.000E-06,+18.158291548E+00,+49.133166194E+00
+250.000E-06,+18.459799089E+00,+50.540201381E+00
+255.000E-06,+17.856784008E+00,+49.133166194E+00
+260.000E-06,+18.359296575E+00,+49.133166194E+00
+265.000E-06,+17.856784008E+00,+49.736181274E+00
+270.000E-06,+18.158291548E+00,+49.937186301E+00
+275.000E-06,+18.459799089E+00,+49.334171221E+00
+280.000E-06,+18.560301602E+00,+49.937186301E+00
+285.000E-06,+18.560301602E+00,+49.937186301E+00
+290.000E-06,+18.258794062E+00,+49.736181274E+00
+295.000E-06,+18.158291548E+00,+49.937186301E+00
+300.000E-06,+18.158291548E+00,+49.535176247E+00
+305.000E-06,+17.957286522E+00,+49.334171221E+00
+310.000E-06,+18.560301602E+00,+49.937186301E+00
+315.000E-06,+18.158291548E+00,+50.138191327E+00
+320.000E-06,+18.560301602E+00,+49.937186301E+00
+325.000E-06,+18.660804115E+00,+50.339196354E+00
+330.000E-06,+18.158291548E+00,+50.540201381E+00
+335.000E-06,+18.158291548E+00,+50.741206408E+00
+340.000E-06,+18.459799089E+00,+50.741206408E+00
+345.000E-06,+18.158291548E+00,+50.540201381E+00
+350.000E-06,+18.459799089E+00,+50.540201381E+00
+355.000E-06,+18.560301602E+00,+50.741206408E+00
+360.000E-06,+18.560301602E+00,+50.942211434E+00
+365.000E-06,+18.560301602E+00,+50.741206408E+00
+370.000E-06,+18.158291548E+00,+51.344221488E+00
+375.000E-06,+18.258794062E+00,+50.741206408E+00
+380.000E-06,+18.459799089E+00,+50.741206408E+00
+385.000E-06,+18.560301602E+00,+51.545226514E+00
+390.000E-06,+18.158291548E+00,+50.942211434E+00
+395.000E-06,+18.560301602E+00,+51.344221488E+00
+400.000E-06,+18.258794062E+00,+50.741206408E+00
+405.000E-06,+18.258794062E+00,+51.746231541E+00
+410.000E-06,+18.560301602E+00,+51.545226514E+00
+415.000E-06,+18.560301602E+00,+51.344221488E+00
+420.000E-06,+18.258794062E+00,+52.148241594E+00
+425.000E-06,+18.560301602E+00,+51.545226514E+00
+430.000E-06,+18.258794062E+00,+52.148241594E+00
+435.000E-06,+18.560301602E+00,+51.746231541E+00
+440.000E-06,+18.258794062E+00,+51.545226514E+00
+445.000E-06,+18.459799089E+00,+51.545226514E+00
+450.000E-06,+18.459799089E+00,+52.148241594E+00
+455.000E-06,+18.158291548E+00,+51.545226514E+00
+460.000E-06,+18.761306629E+00,+51.545226514E+00
+465.000E-06,+18.560301602E+00,+52.349246621E+00
+470.000E-06,+18.560301602E+00,+52.148241594E+00
+475.000E-06,+18.158291548E+00,+52.349246621E+00
+480.000E-06,+18.158291548E+00,+52.349246621E+00
+485.000E-06,+18.158291548E+00,+52.349246621E+00
+490.000E-06,+18.560301602E+00,+52.952261701E+00
+495.000E-06,+18.560301602E+00,+52.751256674E+00
+500.000E-06,+18.258794062E+00,+52.952261701E+00
+505.000E-06,+18.560301602E+00,+52.952261701E+00
+510.000E-06,+18.560301602E+00,+53.153266728E+00
+515.000E-06,+18.459799089E+00,+53.153266728E+00
+520.000E-06,+18.560301602E+00,+52.550251648E+00
+525.000E-06,+18.560301602E+00,+53.153266728E+00
+530.000E-06,+18.560301602E+00,+52.952261701E+00
+535.000E-06,+18.560301602E+00,+52.952261701E+00
+540.000E-06,+18.258794062E+00,+53.153266728E+00
+545.000E-06,+18.560301602E+00,+52.550251648E+00
+550.000E-06,+18.660804115E+00,+52.550251648E+00
+555.000E-06,+18.962311655E+00,+53.756281808E+00
+560.000E-06,+18.560301602E+00,+52.550251648E+00
+565.000E-06,+18.560301602E+00,+53.354271755E+00
+570.000E-06,+18.761306629E+00,+52.550251648E+00
+575.000E-06,+18.761306629E+00,+53.756281808E+00
+580.000E-06,+18.258794062E+00,+53.153266728E+00
+585.000E-06,+18.660804115E+00,+53.957286835E+00
+590.000E-06,+18.258794062E+00,+53.153266728E+00
+595.000E-06,+18.761306629E+00,+53.354271755E+00
+600.000E-06,+18.459799089E+00,+52.952261701E+00
+605.000E-06,+18.258794062E+00,+53.153266728E+00
+610.000E-06,+18.158291548E+00,+53.153266728E+00
+615.000E-06,+18.560301602E+00,+53.957286835E+00
+620.000E-06,+18.560301602E+00,+53.354271755E+00
+625.000E-06,+18.560301602E+00,+53.555276781E+00
+630.000E-06,+18.560301602E+00,+53.957286835E+00
+635.000E-06,+18.560301602E+00,+53.957286835E+00
+640.000E-06,+18.158291548E+00,+54.560301915E+00
+645.000E-06,+18.660804115E+00,+53.354271755E+00
+650.000E-06,+18.861809142E+00,+54.761306942E+00
+655.000E-06,+18.560301602E+00,+54.158291861E+00
+660.000E-06,+18.560301602E+00,+54.158291861E+00
+665.000E-06,+18.158291548E+00,+53.957286835E+00
+670.000E-06,+18.459799089E+00,+54.761306942E+00
+675.000E-06,+18.258794062E+00,+54.761306942E+00
+680.000E-06,+18.560301602E+00,+55.163316995E+00
+685.000E-06,+18.459799089E+00,+54.761306942E+00
+690.000E-06,+18.459799089E+00,+54.158291861E+00
+695.000E-06,+18.962311655E+00,+54.158291861E+00
+700.000E-06,+18.560301602E+00,+55.364322022E+00
+705.000E-06,+18.660804115E+00,+55.565327048E+00
+710.000E-06,+18.560301602E+00,+54.560301915E+00
+715.000E-06,+18.560301602E+00,+55.565327048E+00
+720.000E-06,+18.560301602E+00,+54.761306942E+00
+725.000E-06,+18.861809142E+00,+55.364322022E+00
+730.000E-06,+18.560301602E+00,+55.565327048E+00
+735.000E-06,+18.560301602E+00,+54.761306942E+00
+740.000E-06,+18.660804115E+00,+54.761306942E+00
+745.000E-06,+18.560301602E+00,+55.364322022E+00
+750.000E-06,+18.560301602E+00,+55.364322022E+00
+755.000E-06,+18.861809142E+00,+55.565327048E+00
+760.000E-06,+18.660804115E+00,+56.168342128E+00
+765.000E-06,+18.660804115E+00,+55.565327048E+00
+770.000E-06,+18.459799089E+00,+55.163316995E+00
+775.000E-06,+18.560301602E+00,+55.565327048E+00
+780.000E-06,+18.761306629E+00,+54.962311968E+00
+785.000E-06,+18.660804115E+00,+56.168342128E+00
+790.000E-06,+18.560301602E+00,+55.967337102E+00
+795.000E-06,+18.560301602E+00,+55.565327048E+00
+800.000E-06,+18.560301602E+00,+56.168342128E+00
+805.000E-06,+18.560301602E+00,+55.565327048E+00
+810.000E-06,+18.560301602E+00,+55.565327048E+00
+815.000E-06,+18.660804115E+00,+55.565327048E+00
+820.000E-06,+18.560301602E+00,+55.766332075E+00
+825.000E-06,+18.560301602E+00,+56.168342128E+00
+830.000E-06,+18.560301602E+00,+56.369347155E+00
+835.000E-06,+18.560301602E+00,+56.369347155E+00
+840.000E-06,+18.560301602E+00,+56.369347155E+00
+845.000E-06,+18.660804115E+00,+56.972362235E+00
+850.000E-06,+18.560301602E+00,+56.369347155E+00
+855.000E-06,+18.560301602E+00,+56.369347155E+00
+860.000E-06,+18.861809142E+00,+56.369347155E+00
+865.000E-06,+18.660804115E+00,+56.369347155E+00
+870.000E-06,+18.660804115E+00,+56.369347155E+00
+875.000E-06,+18.660804115E+00,+55.766332075E+00
+880.000E-06,+18.158291548E+00,+56.369347155E+00
+885.000E-06,+18.962311655E+00,+57.173367262E+00
+890.000E-06,+18.560301602E+00,+57.173367262E+00
+895.000E-06,+18.560301602E+00,+57.173367262E+00
+900.000E-06,+18.459799089E+00,+56.972362235E+00
+905.000E-06,+18.258794062E+00,+56.570352182E+00
+910.000E-06,+18.962311655E+00,+56.570352182E+00
+915.000E-06,+18.459799089E+00,+57.173367262E+00
+920.000E-06,+18.560301602E+00,+57.776382342E+00
+925.000E-06,+18.258794062E+00,+57.173367262E+00
+930.000E-06,+18.560301602E+00,+56.972362235E+00
+935.000E-06,+18.258794062E+00,+57.776382342E+00
+940.000E-06,+18.861809142E+00,+56.771357209E+00
+945.000E-06,+18.861809142E+00,+57.173367262E+00
+950.000E-06,+18.560301602E+00,+57.776382342E+00
+955.000E-06,+18.560301602E+00,+57.374372289E+00
+960.000E-06,+18.560301602E+00,+56.570352182E+00
+965.000E-06,+18.560301602E+00,+57.173367262E+00
+970.000E-06,+18.560301602E+00,+57.776382342E+00
+975.000E-06,+18.459799089E+00,+57.374372289E+00
+980.000E-06,+18.459799089E+00,+58.580402449E+00
+985.000E-06,+18.258794062E+00,+57.977387369E+00
+990.000E-06,+18.861809142E+00,+57.374372289E+00
+995.000E-06,+18.660804115E+00,+57.776382342E+00
+1.000000E-03,+18.660804115E+00,+57.977387369E+00
+1.005000E-03,+18.861809142E+00,+58.781407475E+00
+1.010000E-03,+18.560301602E+00,+58.379397422E+00
+1.015000E-03,+18.560301602E+00,+57.977387369E+00
+1.020000E-03,+18.962311655E+00,+58.178392395E+00
+1.025000E-03,+18.660804115E+00,+57.374372289E+00
+1.030000E-03,+18.861809142E+00,+57.977387369E+00
+1.035000E-03,+18.660804115E+00,+57.977387369E+00
+1.040000E-03,+18.258794062E+00,+58.178392395E+00
+1.045000E-03,+18.560301602E+00,+58.178392395E+00
+1.050000E-03,+18.660804115E+00,+58.580402449E+00
+1.055000E-03,+18.962311655E+00,+58.580402449E+00
+1.060000E-03,+18.660804115E+00,+58.781407475E+00
+1.065000E-03,+18.560301602E+00,+58.781407475E+00
+1.070000E-03,+18.459799089E+00,+58.781407475E+00
+1.075000E-03,+18.560301602E+00,+58.781407475E+00
+1.080000E-03,+18.560301602E+00,+58.781407475E+00
+1.085000E-03,+18.560301602E+00,+58.178392395E+00
+1.090000E-03,+18.258794062E+00,+58.178392395E+00
+1.095000E-03,+18.560301602E+00,+58.178392395E+00
+1.100000E-03,+18.560301602E+00,+58.781407475E+00
+1.105000E-03,+18.660804115E+00,+58.781407475E+00
+1.110000E-03,+18.459799089E+00,+58.781407475E+00
+1.115000E-03,+18.560301602E+00,+59.585427582E+00
+1.120000E-03,+18.560301602E+00,+58.781407475E+00
+1.125000E-03,+18.962311655E+00,+58.982412502E+00
+1.130000E-03,+18.560301602E+00,+59.384422556E+00
+1.135000E-03,+18.258794062E+00,+59.585427582E+00
+1.140000E-03,+18.459799089E+00,+59.384422556E+00
+1.145000E-03,+18.258794062E+00,+59.585427582E+00
+1.150000E-03,+18.359296575E+00,+58.982412502E+00
+1.155000E-03,+18.258794062E+00,+59.585427582E+00
+1.160000E-03,+18.560301602E+00,+60.188442662E+00
+1.165000E-03,+18.660804115E+00,+60.188442662E+00
+1.170000E-03,+18.660804115E+00,+59.585427582E+00
+1.175000E-03,+18.560301602E+00,+59.384422556E+00
+1.180000E-03,+18.861809142E+00,+59.585427582E+00
+1.185000E-03,+18.660804115E+00,+59.585427582E+00
+1.190000E-03,+18.258794062E+00,+59.786432609E+00
+1.195000E-03,+18.560301602E+00,+60.791457742E+00
+1.200000E-03,+18.962311655E+00,+59.585427582E+00
+1.205000E-03,+18.560301602E+00,+59.786432609E+00
+1.210000E-03,+18.861809142E+00,+59.786432609E+00
+1.215000E-03,+18.560301602E+00,+59.786432609E+00
+1.220000E-03,+18.962311655E+00,+59.585427582E+00
+1.225000E-03,+18.861809142E+00,+59.585427582E+00
+1.230000E-03,+18.962311655E+00,+59.585427582E+00
+1.235000E-03,+18.861809142E+00,+59.987437636E+00
+1.240000E-03,+18.962311655E+00,+60.389447689E+00
+1.245000E-03,+18.459799089E+00,+60.389447689E+00
+1.250000E-03,+18.660804115E+00,+60.389447689E+00
+1.255000E-03,+18.560301602E+00,+60.389447689E+00
+1.260000E-03,+18.962311655E+00,+60.590452716E+00
+1.265000E-03,+18.861809142E+00,+60.590452716E+00
+1.270000E-03,+18.861809142E+00,+59.786432609E+00
+1.275000E-03,+18.560301602E+00,+60.389447689E+00
+1.280000E-03,+18.359296575E+00,+60.590452716E+00
+1.285000E-03,+18.560301602E+00,+60.992462769E+00
+1.290000E-03,+18.660804115E+00,+60.992462769E+00
+1.295000E-03,+18.861809142E+00,+61.394472823E+00
+1.300000E-03,+18.962311655E+00,+61.193467796E+00
+1.305000E-03,+18.560301602E+00,+61.796482876E+00
+1.310000E-03,+18.560301602E+00,+61.193467796E+00
+1.315000E-03,+18.560301602E+00,+61.595477849E+00
+1.320000E-03,+18.560301602E+00,+61.193467796E+00
+1.325000E-03,+18.660804115E+00,+60.992462769E+00
+1.330000E-03,+18.660804115E+00,+61.193467796E+00
+1.335000E-03,+18.560301602E+00,+61.193467796E+00
+1.340000E-03,+18.560301602E+00,+61.193467796E+00
+1.345000E-03,+18.560301602E+00,+61.595477849E+00
+1.350000E-03,+18.962311655E+00,+61.796482876E+00
+1.355000E-03,+18.962311655E+00,+61.193467796E+00
+1.360000E-03,+18.861809142E+00,+61.193467796E+00
+1.365000E-03,+18.560301602E+00,+61.796482876E+00
+1.370000E-03,+18.660804115E+00,+61.394472823E+00
+1.375000E-03,+18.560301602E+00,+61.796482876E+00
+1.380000E-03,+18.258794062E+00,+61.796482876E+00
+1.385000E-03,+18.660804115E+00,+61.997487903E+00
+1.390000E-03,+18.861809142E+00,+61.394472823E+00
+1.395000E-03,+18.560301602E+00,+61.394472823E+00
+1.400000E-03,+18.560301602E+00,+62.600502983E+00
+1.405000E-03,+18.761306629E+00,+61.394472823E+00
+1.410000E-03,+18.861809142E+00,+62.198492929E+00
+1.415000E-03,+18.861809142E+00,+61.394472823E+00
+1.420000E-03,+18.560301602E+00,+62.801508009E+00
+1.425000E-03,+18.258794062E+00,+61.997487903E+00
+1.430000E-03,+18.962311655E+00,+61.394472823E+00
+1.435000E-03,+18.962311655E+00,+61.997487903E+00
+1.440000E-03,+18.660804115E+00,+61.997487903E+00
+1.445000E-03,+18.459799089E+00,+62.600502983E+00
+1.450000E-03,+18.660804115E+00,+61.997487903E+00
+1.455000E-03,+18.861809142E+00,+62.198492929E+00
+1.460000E-03,+18.660804115E+00,+61.997487903E+00
+1.465000E-03,+18.560301602E+00,+62.600502983E+00
+1.470000E-03,+18.459799089E+00,+62.198492929E+00
+1.475000E-03,+18.258794062E+00,+62.198492929E+00
+1.480000E-03,+18.962311655E+00,+62.801508009E+00
+1.485000E-03,+18.962311655E+00,+62.198492929E+00
+1.490000E-03,+18.560301602E+00,+62.600502983E+00
+1.495000E-03,+18.660804115E+00,+62.801508009E+00
+1.500000E-03,+18.560301602E+00,+62.801508009E+00
+1.505000E-03,+18.560301602E+00,+62.600502983E+00
+1.510000E-03,+18.560301602E+00,+62.801508009E+00
+1.515000E-03,+18.560301602E+00,+62.801508009E+00
+1.520000E-03,+18.560301602E+00,+63.203518063E+00
+1.525000E-03,+18.962311655E+00,+63.203518063E+00
+1.530000E-03,+18.962311655E+00,+62.600502983E+00
+1.535000E-03,+18.560301602E+00,+63.605528116E+00
+1.540000E-03,+18.560301602E+00,+62.600502983E+00
+1.545000E-03,+18.861809142E+00,+63.404523090E+00
+1.550000E-03,+18.158291548E+00,+62.198492929E+00
+1.555000E-03,+18.459799089E+00,+63.002513036E+00
+1.560000E-03,+18.560301602E+00,+63.806533143E+00
+1.565000E-03,+18.660804115E+00,+63.605528116E+00
+1.570000E-03,+18.660804115E+00,+62.801508009E+00
+1.575000E-03,+18.560301602E+00,+63.203518063E+00
+1.580000E-03,+18.560301602E+00,+63.002513036E+00
+1.585000E-03,+18.560301602E+00,+64.208543196E+00
+1.590000E-03,+18.560301602E+00,+62.801508009E+00
+1.595000E-03,+18.258794062E+00,+63.605528116E+00
+1.600000E-03,+18.459799089E+00,+63.605528116E+00
+1.605000E-03,+18.560301602E+00,+63.605528116E+00
+1.610000E-03,+18.861809142E+00,+62.801508009E+00
+1.615000E-03,+18.560301602E+00,+64.208543196E+00
+1.620000E-03,+18.560301602E+00,+64.208543196E+00
+1.625000E-03,+18.861809142E+00,+63.806533143E+00
+1.630000E-03,+18.158291548E+00,+63.605528116E+00
+1.635000E-03,+18.459799089E+00,+64.208543196E+00
+1.640000E-03,+18.861809142E+00,+63.806533143E+00
+1.645000E-03,+18.560301602E+00,+64.208543196E+00
+1.650000E-03,+18.660804115E+00,+64.409548223E+00
+1.655000E-03,+18.861809142E+00,+63.605528116E+00
+1.660000E-03,+18.459799089E+00,+63.605528116E+00
+1.665000E-03,+18.258794062E+00,+63.605528116E+00
+1.670000E-03,+18.560301602E+00,+63.806533143E+00
+1.675000E-03,+18.962311655E+00,+63.806533143E+00
+1.680000E-03,+18.560301602E+00,+64.409548223E+00
+1.685000E-03,+18.962311655E+00,+52.148241594E+00
+1.690000E-03,+19.263819195E+00,+32.650754005E+00
+1.695000E-03,+18.962311655E+00,+22.399497643E+00
+1.700000E-03,+19.263819195E+00,+19.384422243E+00
+1.705000E-03,+18.861809142E+00,-11.369346842E+00
+1.710000E-03,+13.334170908E+00,-26.444723845E+00
+1.715000E-03,+31.525125823E+00,-4.736180961E+00
+1.720000E-03,+22.077889569E+00,-22.424623311E+00
+1.725000E-03,+14.439698555E+00,-23.027638391E+00
+1.730000E-03,+18.660804115E+00,-24.836683631E+00
+1.735000E-03,+17.153266415E+00,-25.841708764E+00
+1.740000E-03,+18.459799089E+00,-23.027638391E+00
+1.745000E-03,+17.555276468E+00,-21.419598177E+00
+1.750000E-03,+15.444723688E+00,-24.233668551E+00
+1.755000E-03,+18.258794062E+00,-31.268844485E+00
+1.760000E-03,+16.751256362E+00,-27.449748978E+00
+1.765000E-03,+18.459799089E+00,-12.776382029E+00
+1.770000E-03,+19.464824222E+00,-23.429648444E+00
+1.775000E-03,+19.766331762E+00,-22.424623311E+00
+1.780000E-03,+20.168341815E+00,-25.439698711E+00
+1.785000E-03,+17.756281495E+00,-26.645728871E+00
+1.790000E-03,+18.560301602E+00,-22.223618284E+00
+1.795000E-03,+18.861809142E+00,-20.012562990E+00
+1.800000E-03,+14.439698555E+00,-23.228643417E+00
+1.805000E-03,+17.454773955E+00,-22.826633364E+00
+1.810000E-03,+17.856784008E+00,-15.992462456E+00
+1.815000E-03,+18.660804115E+00,-22.826633364E+00
+1.820000E-03,+17.856784009E+00,-14.987437323E+00
+1.825000E-03,+19.665829249E+00,-5.540201068E+00
+1.830000E-03,+18.459799089E+00,-15.791457429E+00
+1.835000E-03,+18.057789035E+00,-12.374371976E+00
+1.840000E-03,+18.660804115E+00,-1.922110587E+00
+1.845000E-03,+18.861809142E+00,+3.907035187E+00
+1.850000E-03,+18.459799089E+00,-9.560301602E+00
+1.855000E-03,+18.258794062E+00,+1.896984920E+00
+1.860000E-03,+18.861809142E+00,+11.344221175E+00
+1.865000E-03,+18.258794062E+00,+5.716080427E+00
+1.870000E-03,+10.620603048E+00,-9.158291548E+00
+1.875000E-03,+18.459799089E+00,-515.075401E-03
+1.880000E-03,+19.062814169E+00,+12.148241282E+00
+1.885000E-03,+18.660804115E+00,+5.917085454E+00
+1.890000E-03,+18.761306629E+00,-8.354271442E+00
+1.895000E-03,+18.158291548E+00,-5.741206095E+00
+1.900000E-03,+18.761306629E+00,+11.947236255E+00
+1.905000E-03,+18.660804115E+00,+11.545226201E+00
+1.910000E-03,+18.861809142E+00,+4.108040214E+00
+1.915000E-03,+19.866834275E+00,-11.369346842E+00
+1.920000E-03,+18.158291548E+00,-2.927135721E+00
+1.925000E-03,+18.158291548E+00,+14.158291549E+00
+1.930000E-03,+18.560301602E+00,+9.133165881E+00
+1.935000E-03,+17.856784008E+00,-7.148241281E+00
+1.940000E-03,+18.459799089E+00,-3.731155828E+00
+1.945000E-03,+16.449748821E+00,+13.555276468E+00
+1.950000E-03,+18.560301602E+00,+7.726130694E+00
+1.955000E-03,+18.660804115E+00,-12.977387056E+00
+1.960000E-03,+18.158291548E+00,+4.711055294E+00
+1.965000E-03,+18.962311655E+00,+12.148241282E+00
+1.970000E-03,+18.258794062E+00,-5.339196041E+00
+1.975000E-03,+18.158291548E+00,-2.324120641E+00
+1.980000E-03,+18.560301602E+00,+12.349246308E+00
+1.985000E-03,+18.158291548E+00,-4.133165881E+00
+1.990000E-03,+18.158291548E+00,-2.726130694E+00
+1.995000E-03,+18.861809142E+00,+13.153266415E+00
+2.000000E-03,+18.158291548E+00,-9.359296575E+00
+2.005000E-03,+18.158291548E+00,+4.108040213E+00
+2.010000E-03,+18.258794062E+00,+11.746231228E+00
+2.015000E-03,+18.560301602E+00,-13.781407163E+00
+2.020000E-03,+15.746231228E+00,+14.359296575E+00
+2.025000E-03,+18.258794062E+00,+6.922110587E+00
+2.030000E-03,+17.756281495E+00,-11.168341815E+00
+2.035000E-03,+18.660804115E+00,+14.761306629E+00
+2.040000E-03,+17.856784008E+00,-1.721105561E+00
+2.045000E-03,+18.057789035E+00,-4.334170908E+00
+2.050000E-03,+18.459799089E+00,+12.148241282E+00
+2.055000E-03,+17.856784008E+00,-12.776382029E+00
+2.060000E-03,+18.258794062E+00,+11.545226201E+00
+2.065000E-03,+18.560301602E+00,+4.912060320E+00
+2.070000E-03,+18.057789035E+00,-9.359296575E+00
+2.075000E-03,+18.560301602E+00,+12.952261388E+00
+2.080000E-03,+16.449748822E+00,-10.565326735E+00
+2.085000E-03,+18.057789035E+00,+4.711055294E+00
+2.090000E-03,+18.158291548E+00,+5.113065347E+00
+2.095000E-03,+17.756281495E+00,-11.972361922E+00
+2.100000E-03,+18.258794062E+00,+12.349246308E+00
+2.105000E-03,+17.756281495E+00,-12.374371976E+00
+2.110000E-03,+17.756281495E+00,+8.128140748E+00
+2.115000E-03,+18.158291548E+00,-1.721105561E+00
+2.120000E-03,+18.158291548E+00,-8.555276468E+00
+2.125000E-03,+18.459799089E+00,+6.922110587E+00
+2.130000E-03,+17.756281495E+00,-13.379397109E+00
+2.135000E-03,+18.861809142E+00,+10.942211121E+00
+2.140000E-03,+18.057789035E+00,-13.178392082E+00
+2.145000E-03,+18.560301602E+00,+12.952261388E+00
+2.150000E-03,+18.057789035E+00,-18.203517750E+00
+2.155000E-03,+16.650753848E+00,+14.158291548E+00
+2.160000E-03,+18.158291548E+00,-19.610552937E+00
+2.165000E-03,+18.459799089E+00,+34.459799245E+00
+2.170000E-03,+18.459799089E+00,+42.097990260E+00
+2.175000E-03,+18.057789035E+00,+44.309045553E+00
+2.180000E-03,+18.158291548E+00,+42.902010366E+00
+2.185000E-03,+18.459799089E+00,+44.108040527E+00
+2.190000E-03,+18.158291548E+00,+44.309045553E+00
+2.195000E-03,+18.158291548E+00,+44.309045553E+00
+2.200000E-03,+18.158291548E+00,+43.706030473E+00
+2.205000E-03,+17.856784008E+00,+44.309045553E+00
+2.210000E-03,+17.756281495E+00,+44.309045553E+00
+2.215000E-03,+18.459799089E+00,+44.309045553E+00
+2.220000E-03,+18.258794062E+00,+44.309045553E+00
+2.225000E-03,+18.158291548E+00,+44.510050580E+00
+2.230000E-03,+18.459799089E+00,+44.510050580E+00
+2.235000E-03,+18.158291548E+00,+44.309045553E+00
+2.240000E-03,+18.057789035E+00,+44.309045553E+00
+2.245000E-03,+18.158291548E+00,+44.912060633E+00
+2.250000E-03,+17.756281495E+00,+44.510050580E+00
+2.255000E-03,+17.756281495E+00,+45.113065660E+00
+2.260000E-03,+17.756281495E+00,+44.912060633E+00
+2.265000E-03,+18.560301602E+00,+44.309045553E+00
+2.270000E-03,+18.158291548E+00,+44.309045553E+00
+2.275000E-03,+18.158291548E+00,+44.309045553E+00
+2.280000E-03,+18.158291548E+00,+44.309045553E+00
+2.285000E-03,+17.756281495E+00,+44.912060633E+00
+2.290000E-03,+18.158291548E+00,+44.510050580E+00
+2.295000E-03,+17.856784008E+00,+45.113065660E+00
+2.300000E-03,+17.856784008E+00,+44.912060633E+00
+2.305000E-03,+18.158291548E+00,+45.113065660E+00
+2.310000E-03,+18.158291548E+00,+44.912060633E+00
+2.315000E-03,+18.459799089E+00,+45.113065660E+00
+2.320000E-03,+18.158291548E+00,+45.314070687E+00
+2.325000E-03,+18.057789035E+00,+45.113065660E+00
+2.330000E-03,+17.856784008E+00,+44.711055607E+00
+2.335000E-03,+17.756281495E+00,+45.113065660E+00
+2.340000E-03,+18.057789035E+00,+45.314070687E+00
+2.345000E-03,+18.158291548E+00,+43.304020420E+00
+2.350000E-03,+17.957286522E+00,+12.148241282E+00
+2.355000E-03,+18.258794062E+00,+14.761306629E+00
+2.360000E-03,+18.057789035E+00,-3.128140748E+00
+2.365000E-03,+17.655778982E+00,-5.741206095E+00
+2.370000E-03,+13.434673421E+00,+13.354271442E+00
+2.375000E-03,+18.861809142E+00,+9.133165881E+00
+2.380000E-03,+18.359296575E+00,-8.555276468E+00
+2.385000E-03,+18.158291548E+00,-4.334170908E+00
+2.390000E-03,+18.459799089E+00,+12.952261388E+00
+2.395000E-03,+18.158291548E+00,+5.515075400E+00
+2.400000E-03,+17.756281495E+00,-15.389447376E+00
+2.405000E-03,+18.459799089E+00,+2.500000000E+00
+2.410000E-03,+18.560301602E+00,+10.942211121E+00
+2.415000E-03,+17.756281495E+00,-8.957286522E+00
+2.420000E-03,+17.756281495E+00,-1.922110587E+00
+2.425000E-03,+18.258794062E+00,+11.947236255E+00
+2.430000E-03,+17.454773955E+00,-7.952261388E+00
+2.435000E-03,+18.158291548E+00,-2.324120641E+00
+2.440000E-03,+18.459799089E+00,+13.756281495E+00
+2.445000E-03,+18.158291548E+00,-11.972361922E+00
+2.450000E-03,+18.057789035E+00,+2.902010053E+00
+2.455000E-03,+18.158291548E+00,+10.942211121E+00
+2.460000E-03,+17.756281495E+00,-16.193467483E+00
+2.465000E-03,+16.851758875E+00,+11.143216148E+00
+2.470000E-03,+18.158291548E+00,+6.922110587E+00
+2.475000E-03,+17.655778982E+00,-12.374371976E+00
+2.480000E-03,+18.560301602E+00,+14.560301602E+00
+2.485000E-03,+17.856784008E+00,-314.070374E-03
+2.490000E-03,+17.756281495E+00,-6.947236255E+00
+2.495000E-03,+18.158291548E+00,+12.349246308E+00
+2.500000E-03,+17.655778982E+00,-12.977387056E+00
+2.505000E-03,+17.856784008E+00,+5.314070374E+00
+2.510000E-03,+18.258794062E+00,+6.721105561E+00
+2.515000E-03,+17.354271442E+00,-13.781407162E+00
+2.520000E-03,+17.856784008E+00,+13.354271442E+00
+2.525000E-03,+18.560301602E+00,-11.369346843E+00
+2.530000E-03,+17.756281495E+00,-1.520100534E+00
+2.535000E-03,+17.756281495E+00,+5.917085454E+00
+2.540000E-03,+17.756281495E+00,-15.188442349E+00
+2.545000E-03,+18.560301602E+00,+13.756281495E+00
+2.550000E-03,+18.158291548E+00,-15.992462456E+00
+2.555000E-03,+17.756281495E+00,+7.927135721E+00
+2.560000E-03,+17.756281495E+00,-2.726130694E+00
+2.565000E-03,+17.655778982E+00,-8.957286522E+00
+2.570000E-03,+17.756281495E+00,+5.716080427E+00
+2.575000E-03,+17.655778982E+00,-14.183417216E+00
+2.580000E-03,+17.756281495E+00,+10.339196041E+00
+2.585000E-03,+17.354271442E+00,-12.173366949E+00
+2.590000E-03,+18.057789035E+00,+24.409547910E+00
+2.595000E-03,+18.258794062E+00,+39.685929939E+00
+2.600000E-03,+18.158291548E+00,+42.701005340E+00
+2.605000E-03,+17.756281495E+00,+43.505025446E+00
+2.610000E-03,+17.756281495E+00,+43.304020420E+00
+2.615000E-03,+17.756281495E+00,+43.505025446E+00
+2.620000E-03,+18.057789035E+00,+43.304020420E+00
+2.625000E-03,+17.655778982E+00,+43.304020420E+00
+2.630000E-03,+17.655778982E+00,+43.505025446E+00
+2.635000E-03,+17.454773955E+00,+44.309045553E+00
+2.640000E-03,+17.856784008E+00,+43.505025446E+00
+2.645000E-03,+17.856784008E+00,+43.505025446E+00
+2.650000E-03,+17.756281495E+00,+44.108040527E+00
+2.655000E-03,+17.756281495E+00,+43.505025446E+00
+2.660000E-03,+17.756281495E+00,+43.505025446E+00
+2.665000E-03,+17.655778982E+00,+43.505025446E+00
+2.670000E-03,+17.756281495E+00,+43.706030473E+00
+2.675000E-03,+18.158291548E+00,+43.505025446E+00
+2.680000E-03,+17.756281495E+00,+44.309045553E+00
+2.685000E-03,+17.655778982E+00,+44.108040527E+00
+2.690000E-03,+17.756281495E+00,+44.309045553E+00
+2.695000E-03,+17.354271442E+00,+44.309045553E+00
+2.700000E-03,+17.957286522E+00,+43.505025446E+00
+2.705000E-03,+17.756281495E+00,+43.706030473E+00
+2.710000E-03,+17.756281495E+00,+44.510050580E+00
+2.715000E-03,+17.454773955E+00,+43.706030473E+00
+2.720000E-03,+17.756281495E+00,+44.309045553E+00
+2.725000E-03,+17.354271442E+00,+44.309045553E+00
+2.730000E-03,+17.756281495E+00,+44.309045553E+00
+2.735000E-03,+18.057789035E+00,+44.309045553E+00
+2.740000E-03,+17.756281495E+00,+44.309045553E+00
+2.745000E-03,+17.756281495E+00,+44.309045553E+00
+2.750000E-03,+17.856784008E+00,+44.309045553E+00
+2.755000E-03,+17.756281495E+00,+44.912060633E+00
+2.760000E-03,+17.756281495E+00,+45.113065660E+00
+2.765000E-03,+17.454773955E+00,+44.309045553E+00
+2.770000E-03,+17.354271442E+00,+44.309045553E+00
+2.775000E-03,+17.555276468E+00,+31.042713791E+00
+2.780000E-03,+16.952261389E+00,-11.771356896E+00
+2.785000E-03,+18.158291548E+00,+8.530150801E+00
+2.790000E-03,+18.158291548E+00,+11.545226201E+00
+2.795000E-03,+17.354271442E+00,-1.922110588E+00
+2.800000E-03,+16.952261388E+00,-11.369346842E+00
+2.805000E-03,+17.555276469E+00,+12.349246309E+00
+2.810000E-03,+17.756281495E+00,+9.334170908E+00
+2.815000E-03,+17.756281495E+00,-5.942211122E+00
+2.820000E-03,+17.253768928E+00,-7.550251335E+00
+2.825000E-03,+18.158291548E+00,+13.153266415E+00
+2.830000E-03,+17.454773955E+00,+4.912060320E+00
+2.835000E-03,+17.253768928E+00,-14.987437322E+00
+2.840000E-03,+18.761306629E+00,+9.736180962E+00
+2.845000E-03,+17.354271442E+00,+9.133165881E+00
+2.850000E-03,+18.057789035E+00,-16.595477536E+00
+2.855000E-03,+17.957286522E+00,+4.912060320E+00
+2.860000E-03,+17.756281495E+00,+10.741206095E+00
+2.865000E-03,+17.052763902E+00,-16.997487590E+00
+2.870000E-03,+17.957286522E+00,+10.942211122E+00
+2.875000E-03,+17.454773955E+00,+6.922110587E+00
+2.880000E-03,+17.253768928E+00,-16.193467483E+00
+2.885000E-03,+19.565326735E+00,+15.364321709E+00
+2.890000E-03,+17.655778982E+00,+4.510050267E+00
+2.895000E-03,+17.454773955E+00,-12.575377002E+00
+2.900000E-03,+18.057789035E+00,+14.359296575E+00
+2.905000E-03,+17.354271442E+00,-1.922110588E+00
+2.910000E-03,+17.253768928E+00,-6.746231228E+00
+2.915000E-03,+17.354271442E+00,+11.746231228E+00
+2.920000E-03,+17.354271442E+00,-14.183417216E+00
+2.925000E-03,+17.756281495E+00,+3.706030161E+00
+2.930000E-03,+17.454773955E+00,+6.319095507E+00
+2.935000E-03,+16.952261388E+00,-16.193467483E+00
+2.940000E-03,+17.756281495E+00,+13.354271441E+00
+2.945000E-03,+17.756281495E+00,-9.359296576E+00
+2.950000E-03,+17.354271442E+00,-3.530150801E+00
+2.955000E-03,+17.354271442E+00,+7.525125667E+00
+2.960000E-03,+17.253768928E+00,-15.791457430E+00
+2.965000E-03,+18.057789035E+00,+13.354271441E+00
+2.970000E-03,+17.354271442E+00,-12.977387056E+00
+2.975000E-03,+17.756281495E+00,+5.314070374E+00
+2.980000E-03,+17.655778982E+00,-3.731155828E+00
+2.985000E-03,+17.354271442E+00,-6.947236254E+00
+2.990000E-03,+17.454773955E+00,+5.314070373E+00
+2.995000E-03,+17.354271442E+00,-11.771356895E+00
+3.000000E-03,+17.354271442E+00,+12.550251335E+00
+3.005000E-03,+17.354271442E+00,+38.680904806E+00
+3.010000E-03,+17.354271442E+00,+41.092965126E+00
+3.015000E-03,+17.454773955E+00,+41.896985233E+00
+3.020000E-03,+17.454773955E+00,+42.701005340E+00
+3.025000E-03,+17.354271442E+00,+42.701005340E+00
+3.030000E-03,+17.354271442E+00,+42.902010366E+00
+3.035000E-03,+16.952261388E+00,+42.701005340E+00
+3.040000E-03,+16.952261388E+00,+42.701005340E+00
+3.045000E-03,+17.354271442E+00,+42.902010366E+00
+3.050000E-03,+17.454773955E+00,+42.701005340E+00
+3.055000E-03,+17.354271442E+00,+42.902010366E+00
+3.060000E-03,+17.354271442E+00,+42.902010366E+00
+3.065000E-03,+17.052763902E+00,+42.701005340E+00
+3.070000E-03,+17.052763902E+00,+43.505025446E+00
+3.075000E-03,+17.052763902E+00,+43.304020420E+00
+3.080000E-03,+17.354271442E+00,+44.108040527E+00
+3.085000E-03,+17.052763902E+00,+42.701005340E+00
+3.090000E-03,+17.253768928E+00,+42.902010366E+00
+3.095000E-03,+17.354271442E+00,+44.108040527E+00
+3.100000E-03,+17.253768928E+00,+43.505025446E+00
+3.105000E-03,+16.952261388E+00,+42.902010366E+00
+3.110000E-03,+17.756281495E+00,+44.108040527E+00
+3.115000E-03,+17.354271442E+00,+43.907035500E+00
+3.120000E-03,+17.253768928E+00,+43.505025446E+00
+3.125000E-03,+17.253768928E+00,+43.505025446E+00
+3.130000E-03,+17.253768928E+00,+42.902010366E+00
+3.135000E-03,+16.952261388E+00,+43.505025446E+00
+3.140000E-03,+17.354271442E+00,+43.706030473E+00
+3.145000E-03,+17.253768928E+00,+44.309045553E+00
+3.150000E-03,+17.052763902E+00,+43.304020420E+00
+3.155000E-03,+16.952261388E+00,+44.309045553E+00
+3.160000E-03,+16.952261388E+00,+43.103015393E+00
+3.165000E-03,+16.952261388E+00,+43.505025446E+00
+3.170000E-03,+17.454773955E+00,+43.706030473E+00
+3.175000E-03,+17.354271442E+00,+43.706030473E+00
+3.180000E-03,+17.354271442E+00,+43.505025446E+00
+3.185000E-03,+17.655778982E+00,+29.635678604E+00
+3.190000E-03,+16.349246308E+00,-7.148241282E+00
+3.195000E-03,+16.952261388E+00,+1.293969841E+00
+3.200000E-03,+17.756281495E+00,+12.952261388E+00
+3.205000E-03,+17.354271442E+00,+1.494974866E+00
+3.210000E-03,+16.550251335E+00,-14.183417215E+00
+3.215000E-03,+16.952261388E+00,+3.103015081E+00
+3.220000E-03,+17.454773955E+00,+10.741206094E+00
+3.225000E-03,+16.952261388E+00,-3.128140748E+00
+3.230000E-03,+16.550251335E+00,-12.374371975E+00
+3.235000E-03,+19.364321709E+00,+12.952261388E+00
+3.240000E-03,+17.253768928E+00,+4.912060320E+00
+3.245000E-03,+16.650753848E+00,-17.198492616E+00
+3.250000E-03,+17.555276469E+00,+5.515075401E+00
+3.255000E-03,+17.555276469E+00,+9.334170907E+00
+3.260000E-03,+16.751256361E+00,-14.987437324E+00
+3.265000E-03,+17.354271442E+00,+3.304020108E+00
+3.270000E-03,+17.454773955E+00,+10.942211121E+00
+3.275000E-03,+17.655778982E+00,-12.977387056E+00
+3.280000E-03,+16.952261388E+00,+288.944707E-03
+3.285000E-03,+17.253768928E+00,+11.143216148E+00
+3.290000E-03,+17.153266415E+00,-12.575377003E+00
+3.295000E-03,+16.851758875E+00,+3.907035188E+00
+3.300000E-03,+17.354271442E+00,+10.339196041E+00
+3.305000E-03,+16.851758875E+00,-15.590452403E+00
+3.310000E-03,+16.751256361E+00,+9.535175936E+00
+3.315000E-03,+16.650753848E+00,+7.525125667E+00
+3.320000E-03,+16.650753848E+00,-16.796482563E+00
+3.325000E-03,+18.459799087E+00,+14.158291549E+00
+3.330000E-03,+17.052763902E+00,-716.080428E-03
+3.335000E-03,+16.952261388E+00,-10.364321708E+00
+3.340000E-03,+17.354271442E+00,+10.942211121E+00
+3.345000E-03,+16.650753848E+00,-11.972361922E+00
+3.350000E-03,+16.952261388E+00,+4.108040214E+00
+3.355000E-03,+16.952261388E+00,+5.917085454E+00
+3.360000E-03,+16.650753848E+00,-16.796482563E+00
+3.365000E-03,+17.253768928E+00,+12.952261388E+00
+3.370000E-03,+16.952261388E+00,-12.374371976E+00
+3.375000E-03,+16.952261388E+00,-3.128140748E+00
+3.380000E-03,+16.952261388E+00,+5.515075400E+00
+3.385000E-03,+16.952261388E+00,-15.389447376E+00
+3.390000E-03,+17.756281495E+00,+11.746231228E+00
+3.395000E-03,+16.952261388E+00,-12.776382029E+00
+3.400000E-03,+17.354271443E+00,+13.354271443E+00
+3.405000E-03,+16.650753849E+00,-12.374371976E+00
+3.410000E-03,+17.253768928E+00,+2.298994974E+00
+3.415000E-03,+16.952261388E+00,-4.535175935E+00
+3.420000E-03,+16.952261388E+00,+36.469849512E+00
+3.425000E-03,+16.952261388E+00,+41.092965126E+00
+3.430000E-03,+16.952261388E+00,+41.896985233E+00
+3.435000E-03,+16.851758875E+00,+41.896985233E+00
+3.440000E-03,+16.952261388E+00,+41.695980206E+00
+3.445000E-03,+16.650753848E+00,+42.500000313E+00
+3.450000E-03,+17.153266415E+00,+41.896985233E+00
+3.455000E-03,+16.952261388E+00,+41.896985233E+00
+3.460000E-03,+16.952261388E+00,+42.097990259E+00
+3.465000E-03,+17.052763902E+00,+42.500000313E+00
+3.470000E-03,+16.952261388E+00,+42.500000313E+00
+3.475000E-03,+16.952261388E+00,+42.701005340E+00
+3.480000E-03,+16.952261388E+00,+42.701005340E+00
+3.485000E-03,+16.851758875E+00,+42.097990259E+00
+3.490000E-03,+16.952261388E+00,+42.701005340E+00
+3.495000E-03,+17.052763902E+00,+43.304020420E+00
+3.500000E-03,+16.952261388E+00,+42.701005340E+00
+3.505000E-03,+16.851758875E+00,+42.902010366E+00
+3.510000E-03,+16.952261388E+00,+43.103015393E+00
+3.515000E-03,+16.952261388E+00,+43.505025446E+00
+3.520000E-03,+17.052763902E+00,+42.701005340E+00
+3.525000E-03,+17.354271442E+00,+42.701005340E+00
+3.530000E-03,+17.354271442E+00,+43.505025446E+00
+3.535000E-03,+16.952261388E+00,+42.701005340E+00
+3.540000E-03,+17.253768928E+00,+43.505025446E+00
+3.545000E-03,+16.952261388E+00,+43.505025446E+00
+3.550000E-03,+16.952261388E+00,+43.304020420E+00
+3.555000E-03,+16.952261388E+00,+43.304020420E+00
+3.560000E-03,+16.650753848E+00,+43.505025446E+00
+3.565000E-03,+16.952261388E+00,+43.505025446E+00
+3.570000E-03,+16.851758875E+00,+43.505025446E+00
+3.575000E-03,+16.650753848E+00,+43.505025446E+00
+3.580000E-03,+16.952261388E+00,+43.907035500E+00
+3.585000E-03,+16.952261388E+00,+27.424623311E+00
+3.590000E-03,+16.550251335E+00,-917.085455E-03
+3.595000E-03,+16.952261388E+00,-4.937185987E+00
+3.600000E-03,+15.042713638E+00,+12.751256362E+00
+3.605000E-03,+16.952261388E+00,+6.118090480E+00
+3.610000E-03,+18.861809143E+00,-13.580402138E+00
+3.615000E-03,+16.851758875E+00,-8.153266415E+00
+3.620000E-03,+17.153266415E+00,+11.143216148E+00
+3.625000E-03,+16.952261388E+00,+4.510050267E+00
+3.630000E-03,+16.449748822E+00,-18.203517751E+00
+3.635000E-03,+16.952261388E+00,-4.937185988E+00
+3.640000E-03,+17.253768928E+00,+11.344221175E+00
+3.645000E-03,+16.650753848E+00,-716.080428E-03
+3.650000E-03,+16.148241282E+00,-14.384422243E+00
+3.655000E-03,+16.248743795E+00,+14.761306629E+00
+3.660000E-03,+17.253768928E+00,+5.917085454E+00
+3.665000E-03,+16.550251335E+00,-17.600502670E+00
+3.670000E-03,+16.550251335E+00,+4.912060321E+00
+3.675000E-03,+16.952261388E+00,+9.937185988E+00
+3.680000E-03,+16.650753848E+00,-12.575377004E+00
+3.685000E-03,+16.550251335E+00,-1.721105559E+00
+3.690000E-03,+16.952261388E+00,+10.942211121E+00
+3.695000E-03,+16.148241282E+00,-7.349246309E+00
+3.700000E-03,+16.550251335E+00,-7.349246308E+00
+3.705000E-03,+16.952261388E+00,+11.143216148E+00
+3.710000E-03,+16.550251335E+00,-5.942211123E+00
+3.715000E-03,+16.550251335E+00,-8.957286522E+00
+3.720000E-03,+16.952261388E+00,+11.545226201E+00
+3.725000E-03,+15.947236255E+00,-7.349246309E+00
+3.730000E-03,+16.550251335E+00,-8.354271441E+00
+3.735000E-03,+16.650753848E+00,+10.741206094E+00
+3.740000E-03,+17.153266415E+00,-12.977387057E+00
+3.745000E-03,+16.449748822E+00,-5.942211121E+00
+3.750000E-03,+16.952261388E+00,+8.932160854E+00
+3.755000E-03,+16.148241282E+00,-13.580402136E+00
+3.760000E-03,+16.248743795E+00,+6.520100536E+00
+3.765000E-03,+16.650753848E+00,+1.293969839E+00
+3.770000E-03,+16.550251335E+00,-15.389447376E+00
+3.775000E-03,+17.052763902E+00,+10.741206094E+00
+3.780000E-03,+16.550251335E+00,-13.580402136E+00
+3.785000E-03,+16.851758875E+00,+1.494974868E+00
+3.790000E-03,+16.952261388E+00,-2.324120642E+00
+3.795000E-03,+16.550251335E+00,-12.374371975E+00
+3.800000E-03,+16.650753848E+00,+8.731155827E+00
+3.805000E-03,+16.550251335E+00,-13.580402136E+00
+3.810000E-03,+16.550251335E+00,+19.987437322E+00
+3.815000E-03,+16.449748822E+00,+38.881909832E+00
+3.820000E-03,+16.148241282E+00,+41.293970152E+00
+3.825000E-03,+16.449748822E+00,+41.695980206E+00
+3.830000E-03,+16.449748822E+00,+41.896985233E+00
+3.835000E-03,+16.550251335E+00,+41.092965126E+00
+3.840000E-03,+16.650753848E+00,+42.298995287E+00
+3.845000E-03,+16.550251335E+00,+41.896985233E+00
+3.850000E-03,+16.550251335E+00,+42.097990259E+00
+3.855000E-03,+16.550251335E+00,+42.097990259E+00
+3.860000E-03,+16.148241282E+00,+41.695980206E+00
+3.865000E-03,+16.449748822E+00,+41.896985233E+00
+3.870000E-03,+16.550251335E+00,+41.896985233E+00
+3.875000E-03,+16.248743795E+00,+41.896985233E+00
+3.880000E-03,+16.550251335E+00,+41.896985233E+00
+3.885000E-03,+16.248743795E+00,+41.896985233E+00
+3.890000E-03,+16.148241282E+00,+42.500000313E+00
+3.895000E-03,+16.148241282E+00,+41.896985233E+00
+3.900000E-03,+16.248743795E+00,+42.701005340E+00
+3.905000E-03,+16.550251335E+00,+43.103015394E+00
+3.910000E-03,+16.449748822E+00,+42.701005340E+00
+3.915000E-03,+16.550251335E+00,+42.097990259E+00
+3.920000E-03,+16.550251335E+00,+43.505025446E+00
+3.925000E-03,+16.449748822E+00,+42.701005340E+00
+3.930000E-03,+16.449748822E+00,+42.701005340E+00
+3.935000E-03,+16.148241282E+00,+42.902010366E+00
+3.940000E-03,+16.248743795E+00,+42.097990259E+00
+3.945000E-03,+16.449748822E+00,+42.701005340E+00
+3.950000E-03,+16.148241282E+00,+42.701005340E+00
+3.955000E-03,+16.449748822E+00,+42.097990259E+00
+3.960000E-03,+16.148241282E+00,+42.902010366E+00
+3.965000E-03,+16.148241282E+00,+42.902010366E+00
+3.970000E-03,+16.148241282E+00,+42.902010366E+00
+3.975000E-03,+16.650753848E+00,+40.489950047E+00
+3.980000E-03,+16.148241282E+00,-3.932160853E+00
+3.985000E-03,+16.952261388E+00,+13.756281495E+00
+3.990000E-03,+16.650753848E+00,+5.515075400E+00
+3.995000E-03,+16.851758875E+00,-8.354271444E+00
+4.000000E-03,+16.047738768E+00,-12.374371975E+00
+4.005000E-03,+15.846733741E+00,+5.515075402E+00
+4.010000E-03,+16.550251335E+00,+7.927135720E+00
+4.015000E-03,+15.846733741E+00,-1.520100534E+00
+4.020000E-03,+15.746231228E+00,-16.193467483E+00
+4.025000E-03,+15.746231228E+00,-113.065346E-03
+4.030000E-03,+16.449748822E+00,+9.736180961E+00
+4.035000E-03,+15.846733741E+00,-1.922110588E+00
+4.040000E-03,+15.746231228E+00,-14.585427269E+00
+4.045000E-03,+17.756281496E+00,+6.922110588E+00
+4.050000E-03,+16.851758875E+00,+7.525125667E+00
+4.055000E-03,+14.942211121E+00,-9.962311656E+00
+4.060000E-03,+16.047738768E+00,-9.158291548E+00
+4.065000E-03,+16.550251335E+00,+11.947236255E+00
+4.070000E-03,+16.248743795E+00,+3.706030160E+00
+4.075000E-03,+15.746231228E+00,-17.600502670E+00
+4.080000E-03,+16.148241282E+00,+1.695979894E+00
+4.085000E-03,+16.550251335E+00,+7.726130694E+00
+4.090000E-03,+16.047738768E+00,-9.359296577E+00
+4.095000E-03,+15.846733741E+00,-9.761306628E+00
+4.100000E-03,+16.550251335E+00,+10.540201068E+00
+4.105000E-03,+16.148241282E+00,+489.949732E-03
+4.110000E-03,+15.746231228E+00,-16.193467483E+00
+4.115000E-03,+17.253768929E+00,+8.731155828E+00
+4.120000E-03,+16.449748822E+00,+4.309045240E+00
+4.125000E-03,+16.148241282E+00,-15.188442349E+00
+4.130000E-03,+16.148241282E+00,+489.949734E-03
+4.135000E-03,+16.449748822E+00,+6.118090480E+00
+4.140000E-03,+16.148241282E+00,-14.987437323E+00
+4.145000E-03,+16.047738768E+00,-716.080426E-03
+4.150000E-03,+16.148241282E+00,+5.314070373E+00
+4.155000E-03,+16.047738768E+00,-14.183417216E+00
+4.160000E-03,+16.148241282E+00,+4.711055295E+00
+4.165000E-03,+15.947236254E+00,+2.902010053E+00
+4.170000E-03,+15.344221175E+00,-15.590452403E+00
+4.175000E-03,+16.650753848E+00,+10.741206094E+00
+4.180000E-03,+16.047738768E+00,-11.570351868E+00
+4.185000E-03,+16.148241282E+00,-6.947236254E+00
+4.190000E-03,+16.449748822E+00,+5.314070373E+00
+4.195000E-03,+15.846733741E+00,-14.786432297E+00
+4.200000E-03,+15.947236254E+00,+21.595477535E+00
+4.205000E-03,+16.148241282E+00,+38.479899779E+00
+4.210000E-03,+16.047738768E+00,+40.489950046E+00
+4.215000E-03,+15.746231228E+00,+41.695980206E+00
+4.220000E-03,+16.047738768E+00,+40.891960100E+00
+4.225000E-03,+15.846733741E+00,+41.896985233E+00
+4.230000E-03,+15.746231228E+00,+41.293970152E+00
+4.235000E-03,+16.047738768E+00,+41.896985233E+00
+4.240000E-03,+15.746231228E+00,+40.891960100E+00
+4.245000E-03,+15.846733741E+00,+41.092965126E+00
+4.250000E-03,+15.846733741E+00,+41.695980206E+00
+4.255000E-03,+16.148241282E+00,+41.695980206E+00
+4.260000E-03,+15.846733741E+00,+41.293970152E+00
+4.265000E-03,+15.746231228E+00,+41.896985233E+00
+4.270000E-03,+15.746231228E+00,+41.695980206E+00
+4.275000E-03,+15.846733741E+00,+41.293970152E+00
+4.280000E-03,+15.746231228E+00,+42.500000313E+00
+4.285000E-03,+16.047738768E+00,+41.896985233E+00
+4.290000E-03,+15.746231228E+00,+41.695980206E+00
+4.295000E-03,+15.846733741E+00,+42.097990259E+00
+4.300000E-03,+16.047738768E+00,+42.097990259E+00
+4.305000E-03,+16.148241282E+00,+42.500000313E+00
+4.310000E-03,+15.746231228E+00,+41.896985233E+00
+4.315000E-03,+16.047738768E+00,+41.896985233E+00
+4.320000E-03,+16.148241282E+00,+42.097990259E+00
+4.325000E-03,+15.645728715E+00,+41.896985233E+00
+4.330000E-03,+15.846733741E+00,+41.896985233E+00
+4.335000E-03,+15.746231228E+00,+42.701005340E+00
+4.340000E-03,+15.746231228E+00,+42.701005340E+00
+4.345000E-03,+15.746231228E+00,+42.701005340E+00
+4.350000E-03,+15.746231228E+00,+42.097990259E+00
+4.355000E-03,+15.746231228E+00,+43.103015394E+00
+4.360000E-03,+15.645728715E+00,+42.701005340E+00
+4.365000E-03,+16.650753847E+00,+42.902010366E+00
+4.370000E-03,+16.047738768E+00,+2.298994975E+00
+4.375000E-03,+16.550251335E+00,+11.344221175E+00
+4.380000E-03,+15.846733741E+00,+3.505025133E+00
+4.385000E-03,+15.846733741E+00,-9.761306630E+00
+4.390000E-03,+15.344221175E+00,-12.776382029E+00
+4.395000E-03,+15.947236255E+00,+1.695979895E+00
+4.400000E-03,+16.148241282E+00,+8.329145774E+00
+4.405000E-03,+15.444723688E+00,+1.293969839E+00
+4.410000E-03,+14.942211121E+00,-19.007537857E+00
+4.415000E-03,+15.344221175E+00,-7.550251334E+00
+4.420000E-03,+16.148241282E+00,+8.932160854E+00
+4.425000E-03,+16.047738768E+00,+4.309045240E+00
+4.430000E-03,+15.444723688E+00,-18.605527804E+00
+4.435000E-03,+15.344221175E+00,-6.143216147E+00
+4.440000E-03,+16.550251335E+00,+9.133165881E+00
+4.445000E-03,+15.746231228E+00,+1.494974865E+00
+4.450000E-03,+15.746231228E+00,-18.002512724E+00
+4.455000E-03,+15.645728715E+00,-4.535175933E+00
+4.460000E-03,+16.148241282E+00,+8.329145774E+00
+4.465000E-03,+15.344221175E+00,-1.721105562E+00
+4.470000E-03,+15.645728715E+00,-15.590452402E+00
+4.475000E-03,+15.444723688E+00,+1.896984921E+00
+4.480000E-03,+15.846733741E+00,+6.721105560E+00
+4.485000E-03,+15.243718662E+00,-8.555276469E+00
+4.490000E-03,+15.243718662E+00,-12.173366949E+00
+4.495000E-03,+16.148241282E+00,+9.736180961E+00
+4.500000E-03,+15.344221175E+00,+3.103015079E+00
+4.505000E-03,+15.645728715E+00,-17.198492617E+00
+4.510000E-03,+15.846733741E+00,-1.520100534E+00
+4.515000E-03,+16.148241282E+00,+6.922110587E+00
+4.520000E-03,+15.444723688E+00,-12.575377003E+00
+4.525000E-03,+15.344221175E+00,-9.359296574E+00
+4.530000E-03,+15.846733741E+00,+8.932160854E+00
+4.535000E-03,+15.042713634E+00,-5.741206096E+00
+4.540000E-03,+15.243718662E+00,-13.178392082E+00
+4.545000E-03,+15.846733741E+00,+8.530150800E+00
+4.550000E-03,+15.344221175E+00,-4.535175935E+00
+4.555000E-03,+14.942211121E+00,-13.379397108E+00
+4.560000E-03,+15.746231228E+00,+9.133165881E+00
+4.565000E-03,+14.942211121E+00,-10.565326735E+00
+4.570000E-03,+15.042713634E+00,-8.354271441E+00
+4.575000E-03,+16.047738768E+00,+7.525125667E+00
+4.580000E-03,+15.444723688E+00,-12.776382029E+00
+4.585000E-03,+15.846733742E+00,+11.143216148E+00
+4.590000E-03,+15.645728714E+00,-9.359296576E+00
+4.595000E-03,+15.344221175E+00,-2.726130693E+00
+4.600000E-03,+15.344221175E+00,-4.535175936E+00
+4.605000E-03,+15.645728715E+00,+35.464824378E+00
+4.610000E-03,+15.645728715E+00,+39.484924912E+00
+4.615000E-03,+15.344221175E+00,+40.489950046E+00
+4.620000E-03,+15.344221175E+00,+40.288945019E+00
+4.625000E-03,+15.243718662E+00,+40.489950046E+00
+4.630000E-03,+15.042713634E+00,+41.092965126E+00
+4.635000E-03,+15.344221175E+00,+40.891960100E+00
+4.640000E-03,+15.746231228E+00,+41.695980207E+00
+4.645000E-03,+15.645728715E+00,+41.092965126E+00
+4.650000E-03,+15.444723688E+00,+41.293970152E+00
+4.655000E-03,+15.042713634E+00,+41.695980207E+00
+4.660000E-03,+15.344221175E+00,+40.489950046E+00
+4.665000E-03,+15.344221175E+00,+41.092965126E+00
+4.670000E-03,+15.344221175E+00,+41.092965126E+00
+4.675000E-03,+14.942211121E+00,+41.293970152E+00
+4.680000E-03,+15.344221175E+00,+40.690955072E+00
+4.685000E-03,+15.042713634E+00,+41.896985233E+00
+4.690000E-03,+15.243718662E+00,+41.092965126E+00
+4.695000E-03,+14.942211121E+00,+41.896985233E+00
+4.700000E-03,+14.942211121E+00,+41.695980207E+00
+4.705000E-03,+15.042713634E+00,+42.097990259E+00
+4.710000E-03,+15.344221175E+00,+41.092965126E+00
+4.715000E-03,+15.344221175E+00,+41.896985233E+00
+4.720000E-03,+15.243718662E+00,+41.896985233E+00
+4.725000E-03,+15.344221175E+00,+41.896985233E+00
+4.730000E-03,+15.344221175E+00,+41.896985233E+00
+4.735000E-03,+15.344221175E+00,+42.500000313E+00
+4.740000E-03,+14.942211121E+00,+41.896985233E+00
+4.745000E-03,+14.942211121E+00,+41.896985233E+00
+4.750000E-03,+14.942211121E+00,+41.695980207E+00
+4.755000E-03,+15.243718662E+00,+42.701005340E+00
+4.760000E-03,+15.042713634E+00,+42.500000313E+00
+4.765000E-03,+15.042713634E+00,+42.500000313E+00
+4.770000E-03,+15.143216148E+00,+28.831658498E+00
+4.775000E-03,+14.942211121E+00,-3.530150802E+00
+4.780000E-03,+14.540201068E+00,-8.756281493E+00
+4.785000E-03,+12.731155825E+00,+3.907035189E+00
+4.790000E-03,+15.444723688E+00,+6.319095508E+00
+4.795000E-03,+14.942211121E+00,+489.949732E-03
+4.800000E-03,+16.349246308E+00,-18.203517752E+00
+4.805000E-03,+14.841708608E+00,-11.570351868E+00
+4.810000E-03,+15.645728714E+00,+6.721105564E+00
+4.815000E-03,+15.344221175E+00,+5.314070373E+00
+4.820000E-03,+14.942211121E+00,-5.540201070E+00
+4.825000E-03,+14.540201068E+00,-15.590452402E+00
+4.830000E-03,+14.942211121E+00,-2.525125665E+00
+4.835000E-03,+15.243718662E+00,+6.721105560E+00
+4.840000E-03,+14.640703581E+00,-3.530150802E+00
+4.845000E-03,+14.439698555E+00,-15.992462456E+00
+4.850000E-03,+14.640703581E+00,+1.293969842E+00
+4.855000E-03,+15.444723688E+00,+7.123115614E+00
+4.860000E-03,+15.042713634E+00,-4.937185989E+00
+4.865000E-03,+14.540201068E+00,-14.585427269E+00
+4.870000E-03,+14.640703581E+00,+4.510050268E+00
+4.875000E-03,+15.143216148E+00,+5.113065347E+00
+4.880000E-03,+14.841708608E+00,-11.168341817E+00
+4.885000E-03,+14.841708608E+00,-11.570351868E+00
+4.890000E-03,+15.444723688E+00,+7.927135721E+00
+4.895000E-03,+15.243718662E+00,+1.494974865E+00
+4.900000E-03,+14.540201068E+00,-17.399497644E+00
+4.905000E-03,+14.640703581E+00,-3.329145772E+00
+4.910000E-03,+15.344221175E+00,+6.520100534E+00
+4.915000E-03,+14.339196041E+00,-8.555276469E+00
+4.920000E-03,+14.942211121E+00,-12.977387055E+00
+4.925000E-03,+18.057789030E+00,+7.726130693E+00
+4.930000E-03,+15.243718662E+00,-515.075401E-03
+4.935000E-03,+15.042713634E+00,-17.198492616E+00
+4.940000E-03,+14.841708607E+00,+3.103015082E+00
+4.945000E-03,+15.042713634E+00,+3.907035186E+00
+4.950000E-03,+14.640703581E+00,-14.786432297E+00
+4.955000E-03,+14.841708608E+00,-2.525125665E+00
+4.960000E-03,+14.942211121E+00,+4.510050266E+00
+4.965000E-03,+14.540201068E+00,-14.183417216E+00
+4.970000E-03,+14.540201068E+00,-3.128140746E+00
+4.975000E-03,+14.942211121E+00,+4.711055294E+00
+4.980000E-03,+14.540201068E+00,-14.384422243E+00
+4.985000E-03,+14.942211121E+00,+3.304020107E+00
+4.990000E-03,+15.042713634E+00,-1.922110590E+00
+4.995000E-03,+14.540201068E+00,-15.389447376E+00
+5.000000E-03,+15.243718662E+00,+8.128140748E+00
+5.005000E-03,+14.540201068E+00,-13.379397110E+00
+5.010000E-03,-18.022613257E+00,-29.258794217E+00
+5.015000E-03,-18.424623311E+00,-2.525125667E+00
+5.020000E-03,-18.424623311E+00,-15.992462456E+00
+5.025000E-03,-18.424623311E+00,-19.208542883E+00
+5.030000E-03,-18.424623311E+00,-20.213568016E+00
+5.035000E-03,-18.424623311E+00,-19.208542883E+00
+5.040000E-03,-18.324120797E+00,-20.012562990E+00
+5.045000E-03,-18.424623311E+00,-19.811557964E+00
+5.050000E-03,-18.022613257E+00,-19.811557964E+00
+5.055000E-03,-18.424623311E+00,-19.811557964E+00
+5.060000E-03,-18.424623311E+00,-19.007537857E+00
+5.065000E-03,-18.424623311E+00,-20.012562990E+00
+5.070000E-03,-18.424623311E+00,-19.409547910E+00
+5.075000E-03,-18.123115770E+00,-19.811557964E+00
+5.080000E-03,-18.324120797E+00,-19.208542883E+00
+5.085000E-03,-18.424623311E+00,-19.208542883E+00
+5.090000E-03,-18.324120797E+00,-19.208542883E+00
+5.095000E-03,-18.424623311E+00,-19.208542883E+00
+5.100000E-03,-18.324120797E+00,-19.007537857E+00
+5.105000E-03,-18.424623311E+00,-19.409547910E+00
+5.110000E-03,-18.424623311E+00,-18.404522777E+00
+5.115000E-03,-18.424623311E+00,-19.208542883E+00
+5.120000E-03,-18.424623311E+00,-18.605527803E+00
+5.125000E-03,-18.424623311E+00,-18.404522777E+00
+5.130000E-03,-18.424623311E+00,-19.007537857E+00
+5.135000E-03,-18.424623311E+00,-18.605527803E+00
+5.140000E-03,-18.726130851E+00,-18.404522777E+00
+5.145000E-03,-18.424623311E+00,-19.007537857E+00
+5.150000E-03,-18.424623311E+00,-17.801507696E+00
+5.155000E-03,-18.324120797E+00,-18.404522777E+00
+5.160000E-03,-18.424623311E+00,-18.605527803E+00
+5.165000E-03,-18.123115770E+00,-18.404522777E+00
+5.170000E-03,-18.726130851E+00,-18.404522777E+00
+5.175000E-03,-18.123115770E+00,-17.801507696E+00
+5.180000E-03,-18.826633364E+00,-33.881909832E+00
+5.185000E-03,-18.123115770E+00,-43.329146087E+00
+5.190000E-03,-18.324120797E+00,-47.952261702E+00
+5.195000E-03,-18.525125824E+00,-50.364322022E+00
+5.200000E-03,-18.726130851E+00,-50.766332075E+00
+5.205000E-03,-18.726130851E+00,-49.761306942E+00
+5.210000E-03,-18.726130851E+00,-48.354271754E+00
+5.215000E-03,-18.424623311E+00,-48.354271754E+00
+5.220000E-03,-18.424623311E+00,-48.354271754E+00
+5.225000E-03,-18.424623311E+00,-48.354271754E+00
+5.230000E-03,-18.424623311E+00,-48.756281809E+00
+5.235000E-03,-18.424623311E+00,-48.756281809E+00
+5.240000E-03,-18.424623311E+00,-48.354271754E+00
+5.245000E-03,-18.424623311E+00,-48.957286835E+00
+5.250000E-03,-18.424623311E+00,-48.354271754E+00
+5.255000E-03,-18.424623311E+00,-48.957286835E+00
+5.260000E-03,-18.525125824E+00,-48.957286835E+00
+5.265000E-03,-18.726130851E+00,-48.957286835E+00
+5.270000E-03,-18.826633364E+00,-48.957286835E+00
+5.275000E-03,-18.726130851E+00,-48.153266728E+00
+5.280000E-03,-18.424623311E+00,-48.957286835E+00
+5.285000E-03,-18.424623311E+00,-49.158291861E+00
+5.290000E-03,-18.826633364E+00,-48.354271754E+00
+5.295000E-03,-18.826633364E+00,-48.957286835E+00
+5.300000E-03,-18.525125824E+00,-48.957286835E+00
+5.305000E-03,-18.424623311E+00,-48.555276780E+00
+5.310000E-03,-18.525125824E+00,-48.354271754E+00
+5.315000E-03,-18.525125824E+00,-48.354271754E+00
+5.320000E-03,-18.726130851E+00,-48.756281809E+00
+5.325000E-03,-18.525125824E+00,-49.560301915E+00
+5.330000E-03,-18.826633364E+00,-47.751256673E+00
+5.335000E-03,-18.726130851E+00,-48.756281809E+00
+5.340000E-03,-18.826633364E+00,-48.957286835E+00
+5.345000E-03,-18.726130851E+00,-48.957286835E+00
+5.350000E-03,-18.525125824E+00,-48.957286835E+00
+5.355000E-03,-18.525125824E+00,-48.354271754E+00
+5.360000E-03,-18.726130851E+00,-49.560301915E+00
+5.365000E-03,-18.826633364E+00,-48.957286835E+00
+5.370000E-03,-18.826633364E+00,-48.354271754E+00
+5.375000E-03,-18.525125824E+00,-49.560301915E+00
+5.380000E-03,-18.625628337E+00,-49.761306942E+00
+5.385000E-03,-18.826633364E+00,-48.957286835E+00
+5.390000E-03,-18.424623311E+00,-48.957286835E+00
+5.395000E-03,-18.525125824E+00,-49.560301915E+00
+5.400000E-03,-18.424623311E+00,-48.957286835E+00
+5.405000E-03,-18.826633364E+00,-48.756281809E+00
+5.410000E-03,-18.826633364E+00,-49.359296889E+00
+5.415000E-03,-18.726130851E+00,-49.359296889E+00
+5.420000E-03,-18.525125824E+00,-49.158291861E+00
+5.425000E-03,-18.525125824E+00,-48.957286835E+00
+5.430000E-03,-18.525125824E+00,-49.158291861E+00
+5.435000E-03,-18.525125824E+00,-48.957286835E+00
+5.440000E-03,-18.424623311E+00,-48.957286835E+00
+5.445000E-03,-18.424623311E+00,-48.354271754E+00
+5.450000E-03,-18.826633364E+00,-48.957286835E+00
+5.455000E-03,-18.826633364E+00,-48.354271754E+00
+5.460000E-03,-18.826633364E+00,-49.560301915E+00
+5.465000E-03,-18.726130851E+00,-48.957286835E+00
+5.470000E-03,-19.128140904E+00,-49.560301915E+00
+5.475000E-03,-19.027638391E+00,-48.957286835E+00
+5.480000E-03,-18.826633364E+00,-48.756281809E+00
+5.485000E-03,-18.826633364E+00,-48.957286835E+00
+5.490000E-03,-19.128140904E+00,-49.560301915E+00
+5.495000E-03,-18.826633364E+00,-48.957286835E+00
+5.500000E-03,-18.525125824E+00,-48.957286835E+00
+5.505000E-03,-18.826633364E+00,-48.957286835E+00
+5.510000E-03,-18.927135877E+00,-49.560301915E+00
+5.515000E-03,-18.826633364E+00,-49.761306942E+00
+5.520000E-03,-18.826633364E+00,-48.957286835E+00
+5.525000E-03,-18.525125824E+00,-49.560301915E+00
+5.530000E-03,-18.525125824E+00,-49.560301915E+00
+5.535000E-03,-18.726130851E+00,-49.158291861E+00
+5.540000E-03,-18.826633364E+00,-49.158291861E+00
+5.545000E-03,-18.826633364E+00,-48.957286835E+00
+5.550000E-03,-18.826633364E+00,-48.756281809E+00
+5.555000E-03,-18.927135877E+00,-49.158291861E+00
+5.560000E-03,-18.826633364E+00,-49.158291861E+00
+5.565000E-03,-18.826633364E+00,-49.560301915E+00
+5.570000E-03,-18.525125824E+00,-48.957286835E+00
+5.575000E-03,-18.927135877E+00,-49.158291861E+00
+5.580000E-03,-18.826633364E+00,-48.354271754E+00
+5.585000E-03,-18.525125824E+00,-49.761306942E+00
+5.590000E-03,-18.826633364E+00,-49.761306942E+00
+5.595000E-03,-18.625628337E+00,-49.560301915E+00
+5.600000E-03,-19.027638391E+00,-49.560301915E+00
+5.605000E-03,-18.826633364E+00,-48.957286835E+00
+5.610000E-03,-18.927135877E+00,-49.761306942E+00
+5.615000E-03,-18.826633364E+00,-49.560301915E+00
+5.620000E-03,-18.826633364E+00,-49.158291861E+00
+5.625000E-03,-18.424623311E+00,-49.560301915E+00
+5.630000E-03,-19.027638391E+00,-49.560301915E+00
+5.635000E-03,-18.826633364E+00,-49.560301915E+00
+5.640000E-03,-18.927135877E+00,-48.957286835E+00
+5.645000E-03,-18.826633364E+00,-48.153266728E+00
+5.650000E-03,-18.826633364E+00,-48.957286835E+00
+5.655000E-03,-18.826633364E+00,-48.957286835E+00
+5.660000E-03,-19.228643417E+00,-49.359296887E+00
+5.665000E-03,-18.826633364E+00,-48.354271754E+00
+5.670000E-03,-18.826633364E+00,-48.957286835E+00
+5.675000E-03,-18.826633364E+00,-49.560301915E+00
+5.680000E-03,-18.826633364E+00,-48.354271754E+00
+5.685000E-03,-18.826633364E+00,-48.957286835E+00
+5.690000E-03,-19.128140904E+00,-48.756281809E+00
+5.695000E-03,-19.128140904E+00,-49.761306942E+00
+5.700000E-03,-18.625628337E+00,-48.555276780E+00
+5.705000E-03,-18.826633364E+00,-49.560301915E+00
+5.710000E-03,-18.826633364E+00,-48.957286835E+00
+5.715000E-03,-18.625628337E+00,-49.761306942E+00
+5.720000E-03,-18.726130851E+00,-49.761306942E+00
+5.725000E-03,-18.826633364E+00,-49.158291861E+00
+5.730000E-03,-19.128140904E+00,-48.957286835E+00
+5.735000E-03,-18.726130851E+00,-48.957286835E+00
+5.740000E-03,-19.128140904E+00,-49.560301915E+00
+5.745000E-03,-18.927135877E+00,-48.756281809E+00
+5.750000E-03,-19.228643417E+00,-49.158291861E+00
+5.755000E-03,-18.625628337E+00,-49.158291861E+00
+5.760000E-03,-19.128140904E+00,-48.957286835E+00
+5.765000E-03,-18.826633364E+00,-48.957286835E+00
+5.770000E-03,-19.128140904E+00,-48.957286835E+00
+5.775000E-03,-18.826633364E+00,-49.158291861E+00
+5.780000E-03,-19.128140904E+00,-48.957286835E+00
+5.785000E-03,-18.826633364E+00,-49.560301915E+00
+5.790000E-03,-18.826633364E+00,-49.158291861E+00
+5.795000E-03,-18.927135877E+00,-49.158291861E+00
+5.800000E-03,-19.128140904E+00,-48.957286835E+00
+5.805000E-03,-19.128140904E+00,-48.957286835E+00
+5.810000E-03,-19.128140904E+00,-48.957286835E+00
+5.815000E-03,-18.826633364E+00,-49.560301915E+00
+5.820000E-03,-18.826633364E+00,-48.957286835E+00
+5.825000E-03,-18.826633364E+00,-48.957286835E+00
+5.830000E-03,-18.826633364E+00,-49.962311968E+00
+5.835000E-03,-18.826633364E+00,-49.560301915E+00
+5.840000E-03,-18.826633364E+00,-48.957286835E+00
+5.845000E-03,-18.826633364E+00,-48.957286835E+00
+5.850000E-03,-19.128140904E+00,-50.163316996E+00
+5.855000E-03,-18.826633364E+00,-49.158291861E+00
+5.860000E-03,-18.525125824E+00,-49.761306942E+00
+5.865000E-03,-18.826633364E+00,-48.957286835E+00
+5.870000E-03,-18.826633364E+00,-49.158291861E+00
+5.875000E-03,-19.228643417E+00,-49.560301915E+00
+5.880000E-03,-19.128140904E+00,-48.756281809E+00
+5.885000E-03,-18.826633364E+00,-48.957286835E+00
+5.890000E-03,-18.826633364E+00,-49.158291861E+00
+5.895000E-03,-18.826633364E+00,-49.761306942E+00
+5.900000E-03,-18.927135877E+00,-49.560301915E+00
+5.905000E-03,-18.826633364E+00,-49.761306942E+00
+5.910000E-03,-18.927135877E+00,-49.560301915E+00
+5.915000E-03,-19.128140904E+00,-48.957286835E+00
+5.920000E-03,-19.228643417E+00,-48.555276780E+00
+5.925000E-03,-18.927135877E+00,-48.957286835E+00
+5.930000E-03,-19.228643417E+00,-49.761306942E+00
+5.935000E-03,-19.228643417E+00,-49.359296889E+00
+5.940000E-03,-18.927135877E+00,-49.158291861E+00
+5.945000E-03,-18.927135877E+00,-49.560301915E+00
+5.950000E-03,-18.927135877E+00,-49.560301915E+00
+5.955000E-03,-18.826633364E+00,-48.957286835E+00
+5.960000E-03,-19.228643417E+00,-49.761306942E+00
+5.965000E-03,-18.927135877E+00,-48.957286835E+00
+5.970000E-03,-18.826633364E+00,-49.560301915E+00
+5.975000E-03,-18.927135877E+00,-49.158291861E+00
+5.980000E-03,-18.826633364E+00,-48.957286835E+00
+5.985000E-03,-18.826633364E+00,-49.560301915E+00
+5.990000E-03,-19.228643417E+00,-49.158291861E+00
+5.995000E-03,-19.228643417E+00,-49.560301915E+00
+6.000000E-03,-19.228643417E+00,-49.560301915E+00
+6.005000E-03,-18.927135877E+00,-48.957286835E+00
+6.010000E-03,-19.128140904E+00,-48.957286835E+00
+6.015000E-03,-18.826633364E+00,-48.957286835E+00
+6.020000E-03,-19.128140904E+00,-49.560301915E+00
+6.025000E-03,-18.927135877E+00,-49.158291861E+00
+6.030000E-03,-18.927135877E+00,-48.957286835E+00
+6.035000E-03,-19.228643417E+00,-49.761306942E+00
+6.040000E-03,-19.128140904E+00,-49.158291861E+00
+6.045000E-03,-19.228643417E+00,-49.560301915E+00
+6.050000E-03,-18.826633364E+00,-49.158291861E+00
+6.055000E-03,-19.228643417E+00,-49.158291861E+00
+6.060000E-03,-18.826633364E+00,-50.565327048E+00
+6.065000E-03,-19.128140904E+00,-49.359296889E+00
+6.070000E-03,-18.927135877E+00,-48.957286835E+00
+6.075000E-03,-18.826633364E+00,-48.957286835E+00
+6.080000E-03,-19.128140904E+00,-48.957286835E+00
+6.085000E-03,-18.826633364E+00,-48.957286835E+00
+6.090000E-03,-19.228643417E+00,-48.957286835E+00
+6.095000E-03,-19.128140904E+00,-48.957286835E+00
+6.100000E-03,-19.128140904E+00,-49.560301915E+00
+6.105000E-03,-18.826633364E+00,-48.957286835E+00
+6.110000E-03,-18.826633364E+00,-49.158291861E+00
+6.115000E-03,-19.027638391E+00,-48.555276780E+00
+6.120000E-03,-19.128140904E+00,-48.957286835E+00
+6.125000E-03,-18.826633364E+00,-49.158291861E+00
+6.130000E-03,-19.128140904E+00,-48.957286835E+00
+6.135000E-03,-19.128140904E+00,-48.957286835E+00
+6.140000E-03,-18.927135877E+00,-48.957286835E+00
+6.145000E-03,-19.128140904E+00,-48.756281809E+00
+6.150000E-03,-19.228643417E+00,-48.957286835E+00
+6.155000E-03,-18.826633364E+00,-49.560301915E+00
+6.160000E-03,-18.927135877E+00,-49.158291861E+00
+6.165000E-03,-19.128140904E+00,-48.957286835E+00
+6.170000E-03,-18.826633364E+00,-49.560301915E+00
+6.175000E-03,-18.927135877E+00,-48.756281809E+00
+6.180000E-03,-18.826633364E+00,-49.359296889E+00
+6.185000E-03,-18.826633364E+00,-49.359296889E+00
+6.190000E-03,-18.927135877E+00,-49.761306942E+00
+6.195000E-03,-19.128140904E+00,-48.957286835E+00
+6.200000E-03,-18.927135877E+00,-49.359296889E+00
+6.205000E-03,-18.826633364E+00,-49.560301915E+00
+6.210000E-03,-19.228643417E+00,-49.560301915E+00
+6.215000E-03,-19.228643417E+00,-48.957286835E+00
+6.220000E-03,-19.128140904E+00,-49.761306942E+00
+6.225000E-03,-18.826633364E+00,-48.756281809E+00
+6.230000E-03,-18.927135877E+00,-48.756281809E+00
+6.235000E-03,-19.228643417E+00,-48.957286835E+00
+6.240000E-03,-18.927135877E+00,-48.354271754E+00
+6.245000E-03,-18.927135877E+00,-48.957286835E+00
+6.250000E-03,-19.128140904E+00,-48.354271754E+00
+6.255000E-03,-19.128140904E+00,-48.354271754E+00
+6.260000E-03,-18.826633364E+00,-48.957286835E+00
+6.265000E-03,-19.128140904E+00,-48.756281809E+00
+6.270000E-03,-18.826633364E+00,-48.756281809E+00
+6.275000E-03,-19.228643417E+00,-49.158291861E+00
+6.280000E-03,-18.826633364E+00,-48.957286835E+00
+6.285000E-03,-18.826633364E+00,-48.957286835E+00
+6.290000E-03,-18.826633364E+00,-49.158291861E+00
+6.295000E-03,-18.826633364E+00,-49.761306942E+00
+6.300000E-03,-19.530150958E+00,-48.957286835E+00
+6.305000E-03,-18.826633364E+00,-48.354271754E+00
+6.310000E-03,-19.128140904E+00,-48.555276780E+00
+6.315000E-03,-18.927135877E+00,-48.957286835E+00
+6.320000E-03,-19.128140904E+00,-48.957286835E+00
+6.325000E-03,-19.128140904E+00,-48.957286835E+00
+6.330000E-03,-18.927135877E+00,-48.957286835E+00
+6.335000E-03,-18.927135877E+00,-48.957286835E+00
+6.340000E-03,-18.927135877E+00,-48.957286835E+00
+6.345000E-03,-18.826633364E+00,-48.957286835E+00
+6.350000E-03,-18.826633364E+00,-49.158291861E+00
+6.355000E-03,-19.128140904E+00,-48.354271754E+00
+6.360000E-03,-18.826633364E+00,-48.957286835E+00
+6.365000E-03,-18.927135877E+00,-49.359296889E+00
+6.370000E-03,-18.726130851E+00,-49.158291861E+00
+6.375000E-03,-18.826633364E+00,-48.354271754E+00
+6.380000E-03,-18.826633364E+00,-48.756281809E+00
+6.385000E-03,-19.228643417E+00,-48.153266728E+00
+6.390000E-03,-18.826633364E+00,-48.957286835E+00
+6.395000E-03,-19.128140904E+00,-48.957286835E+00
+6.400000E-03,-18.826633364E+00,-47.952261702E+00
+6.405000E-03,-19.027638391E+00,-48.957286835E+00
+6.410000E-03,-18.826633364E+00,-48.756281809E+00
+6.415000E-03,-19.128140904E+00,-48.756281809E+00
+6.420000E-03,-18.927135877E+00,-49.560301916E+00
+6.425000E-03,-18.826633364E+00,-48.957286835E+00
+6.430000E-03,-19.128140904E+00,-49.560301916E+00
+6.435000E-03,-18.826633364E+00,-48.756281809E+00
+6.440000E-03,-18.927135877E+00,-48.756281809E+00
+6.445000E-03,-18.826633364E+00,-48.957286835E+00
+6.450000E-03,-18.927135877E+00,-48.354271754E+00
+6.455000E-03,-18.826633364E+00,-49.158291861E+00
+6.460000E-03,-18.826633364E+00,-49.158291861E+00
+6.465000E-03,-18.826633364E+00,-48.756281809E+00
+6.470000E-03,-18.826633364E+00,-48.957286835E+00
+6.475000E-03,-18.826633364E+00,-48.957286835E+00
+6.480000E-03,-18.826633364E+00,-48.354271754E+00
+6.485000E-03,-19.128140904E+00,-48.756281809E+00
+6.490000E-03,-18.826633364E+00,-48.756281809E+00
+6.495000E-03,-19.228643417E+00,-48.957286835E+00
+6.500000E-03,-18.826633364E+00,-48.756281809E+00
+6.505000E-03,-18.927135877E+00,-48.756281809E+00
+6.510000E-03,-19.128140904E+00,-48.354271754E+00
+6.515000E-03,-18.927135877E+00,-48.354271754E+00
+6.520000E-03,-18.826633364E+00,-48.756281809E+00
+6.525000E-03,-18.826633364E+00,-48.756281809E+00
+6.530000E-03,-18.927135877E+00,-47.550251647E+00
+6.535000E-03,-18.826633364E+00,-48.354271754E+00
+6.540000E-03,-18.826633364E+00,-48.756281809E+00
+6.545000E-03,-18.826633364E+00,-47.952261702E+00
+6.550000E-03,-18.726130851E+00,-48.756281809E+00
+6.555000E-03,-18.826633364E+00,-48.756281809E+00
+6.560000E-03,-18.826633364E+00,-48.354271754E+00
+6.565000E-03,-18.826633364E+00,-48.756281809E+00
+6.570000E-03,-18.826633364E+00,-48.354271754E+00
+6.575000E-03,-18.927135877E+00,-48.957286835E+00
+6.580000E-03,-18.826633364E+00,-48.354271754E+00
+6.585000E-03,-18.826633364E+00,-48.957286835E+00
+6.590000E-03,-18.726130851E+00,-48.756281809E+00
+6.595000E-03,-18.927135877E+00,-48.756281809E+00
+6.600000E-03,-18.927135877E+00,-48.756281809E+00
+6.605000E-03,-18.927135877E+00,-49.158291861E+00
+6.610000E-03,-19.128140904E+00,-47.751256673E+00
+6.615000E-03,-18.826633364E+00,-48.756281809E+00
+6.620000E-03,-18.826633364E+00,-48.153266728E+00
+6.625000E-03,-18.826633364E+00,-48.153266728E+00
+6.630000E-03,-18.826633364E+00,-48.153266728E+00
+6.635000E-03,-18.927135877E+00,-48.756281809E+00
+6.640000E-03,-18.826633364E+00,-48.153266728E+00
+6.645000E-03,-19.228643417E+00,-48.153266728E+00
+6.650000E-03,-18.826633364E+00,-48.957286835E+00
+6.655000E-03,-19.228643417E+00,-48.153266728E+00
+6.660000E-03,-18.826633364E+00,-48.153266728E+00
+6.665000E-03,-18.826633364E+00,-48.756281809E+00
+6.670000E-03,-18.826633364E+00,-48.354271754E+00
+6.675000E-03,-18.826633364E+00,-48.153266728E+00
+6.680000E-03,-19.128140904E+00,-38.304020420E+00
+6.685000E-03,-18.424623311E+00,-23.228643417E+00
+6.690000E-03,-18.424623311E+00,-24.233668550E+00
+6.695000E-03,-18.424623311E+00,-24.836683631E+00
+6.700000E-03,-17.319095663E+00,-32.072864592E+00
+6.705000E-03,-17.922110744E+00,-12.575377003E+00
+6.710000E-03,-19.329145930E+00,-1.721105566E+00
+6.715000E-03,-17.017588124E+00,-25.037688660E+00
+6.720000E-03,-18.424623311E+00,-29.459799246E+00
+6.725000E-03,-15.208542892E+00,-21.419598175E+00
+6.730000E-03,-18.324120796E+00,-2.123115609E+00
+6.735000E-03,-18.927135877E+00,-5.540201071E+00
+6.740000E-03,-12.796482582E+00,-24.434673585E+00
+6.745000E-03,-18.123115770E+00,-25.640703738E+00
+6.750000E-03,-18.927135878E+00,-21.419598175E+00
+6.755000E-03,-19.027638390E+00,-7.349246304E+00
+6.760000E-03,-19.329145932E+00,+6.118090479E+00
+6.765000E-03,-18.525125824E+00,-8.153266420E+00
+6.770000E-03,-14.002512731E+00,-23.228643417E+00
+6.775000E-03,-18.022613257E+00,-20.816583097E+00
+6.780000E-03,-18.324120798E+00,-20.012562990E+00
+6.785000E-03,-19.429648445E+00,-19.409547909E+00
+6.790000E-03,-20.535176094E+00,-9.359296573E+00
+6.795000E-03,-15.510050424E+00,+3.505025139E+00
+6.800000E-03,-19.630653471E+00,+6.922110586E+00
+6.805000E-03,-18.826633364E+00,-2.927135725E+00
+6.810000E-03,-18.525125824E+00,-9.359296579E+00
+6.815000E-03,-16.314070535E+00,-19.007537861E+00
+6.820000E-03,-17.922110744E+00,-19.409547909E+00
+6.825000E-03,-17.721105717E+00,-17.600502670E+00
+6.830000E-03,-18.424623311E+00,-15.791457430E+00
+6.835000E-03,-18.826633364E+00,-12.173366948E+00
+6.840000E-03,-19.429648443E+00,-8.153266414E+00
+6.845000E-03,-19.329145932E+00,+4.309045246E+00
+6.850000E-03,-19.630653471E+00,+7.123115612E+00
+6.855000E-03,-18.927135877E+00,+3.103015078E+00
+6.860000E-03,-18.927135877E+00,+690.954757E-03
+6.865000E-03,-18.424623311E+00,-4.736180964E+00
+6.870000E-03,-18.223618283E+00,-9.158291553E+00
+6.875000E-03,-18.223618283E+00,-14.183417220E+00
+6.880000E-03,-18.022613257E+00,-19.409547909E+00
+6.885000E-03,-18.324120798E+00,-14.585427269E+00
+6.890000E-03,-18.726130851E+00,-10.163316680E+00
+6.895000E-03,-19.228643417E+00,-6.947236252E+00
+6.900000E-03,-18.826633364E+00,-1.118090479E+00
+6.905000E-03,-19.429648445E+00,+9.133165883E+00
+6.910000E-03,-18.826633364E+00,+690.954757E-03
+6.915000E-03,-18.525125824E+00,-7.751256365E+00
+6.920000E-03,-17.319095666E+00,-18.605527803E+00
+6.925000E-03,-18.424623311E+00,-15.188442349E+00
+6.930000E-03,-18.424623311E+00,-11.771356896E+00
+6.935000E-03,-19.228643417E+00,-2.927135718E+00
+6.940000E-03,-18.826633366E+00,+9.937185990E+00
+6.945000E-03,-18.826633364E+00,-3.329145777E+00
+6.950000E-03,-14.404522791E+00,-18.002512728E+00
+6.955000E-03,-18.123115770E+00,-14.183417214E+00
+6.960000E-03,-18.826633364E+00,-6.947236252E+00
+6.965000E-03,-18.324120801E+00,+10.540201068E+00
+6.970000E-03,-18.826633364E+00,-515.075401E-03
+6.975000E-03,-18.022613257E+00,-20.615578071E+00
+6.980000E-03,-18.726130851E+00,-12.977387055E+00
+6.985000E-03,-17.922110743E+00,+3.706030165E+00
+6.990000E-03,-18.525125824E+00,+1.293969838E+00
+6.995000E-03,-17.218593154E+00,-19.208542883E+00
+7.000000E-03,-18.525125824E+00,-13.178392081E+00
+7.005000E-03,-19.228643417E+00,+2.701005029E+00
+7.010000E-03,-18.826633364E+00,+1.896984919E+00
+7.015000E-03,-18.424623311E+00,-19.409547909E+00
+7.020000E-03,-18.424623311E+00,-10.967336786E+00
+7.025000E-03,-18.826633364E+00,+11.545226201E+00
+7.030000E-03,-18.424623311E+00,-8.153266417E+00
+7.035000E-03,-17.922110744E+00,-15.791457427E+00
+7.040000E-03,-18.927135877E+00,+690.954764E-03
+7.045000E-03,-18.826633364E+00,-1.520100537E+00
+7.050000E-03,-18.424623311E+00,-17.198492615E+00
+7.055000E-03,-18.826633364E+00,-3.128140748E+00
+7.060000E-03,-18.826633364E+00,-314.070375E-03
+7.065000E-03,-18.424623311E+00,-17.801507696E+00
+7.070000E-03,-19.128140904E+00,+2.298994977E+00
+7.075000E-03,-18.726130851E+00,-4.937185990E+00
+7.080000E-03,-18.324120798E+00,-15.992462456E+00
+7.085000E-03,-18.625628336E+00,+10.339196045E+00
+7.090000E-03,-18.324120798E+00,-11.771356900E+00
+7.095000E-03,-19.027638391E+00,-14.183417217E+00
+7.100000E-03,-18.826633364E+00,+10.138191013E+00
+7.105000E-03,-17.620603205E+00,-20.816583097E+00
+7.110000E-03,-18.726130851E+00,-9.962311654E+00
+7.115000E-03,-18.826633364E+00,+5.515075398E+00
+7.120000E-03,-18.424623311E+00,-19.409547909E+00
+7.125000E-03,-19.128140904E+00,-3.932160851E+00
+7.130000E-03,-18.726130851E+00,-2.726130696E+00
+7.135000E-03,-18.123115770E+00,-16.394472508E+00
+7.140000E-03,-18.826633364E+00,+10.741206097E+00
+7.145000E-03,-18.123115770E+00,-21.017588129E+00
+7.150000E-03,-18.726130851E+00,-11.570351867E+00
+7.155000E-03,-18.826633364E+00,+3.706030159E+00
+7.160000E-03,-18.324120798E+00,-20.012562990E+00
+7.165000E-03,-18.826633364E+00,+4.309045243E+00
+7.170000E-03,-17.821608230E+00,-17.801507699E+00
+7.175000E-03,-18.726130851E+00,-14.183417213E+00
+7.180000E-03,-18.826633364E+00,+3.103015078E+00
+7.185000E-03,-18.324120798E+00,-20.816583097E+00
+7.190000E-03,-18.525125824E+00,+5.716080430E+00
+7.195000E-03,-16.213568024E+00,-24.032663524E+00
+7.200000E-03,-18.525125824E+00,-12.575377000E+00
+7.205000E-03,-18.525125823E+00,-4.133165884E+00
+7.210000E-03,-18.424623311E+00,-21.419598178E+00
+7.215000E-03,-18.826633364E+00,+7.525125667E+00
+7.220000E-03,-18.022613257E+00,-23.228643417E+00
+7.225000E-03,-18.826633364E+00,+2.500000000E+00
+7.230000E-03,-18.022613257E+00,-24.635678605E+00
+7.235000E-03,-18.625628336E+00,-7.550251330E+00
+7.240000E-03,-18.123115770E+00,-17.399497651E+00
+7.245000E-03,-19.128140904E+00,-20.213568016E+00
+7.250000E-03,-18.525125823E+00,-3.530150803E+00
+7.255000E-03,-18.424623311E+00,-23.429648443E+00
+7.260000E-03,-18.424623311E+00,+3.907035184E+00
+7.265000E-03,-18.424623311E+00,-25.037688657E+00
+7.270000E-03,-18.424623311E+00,+8.530150803E+00
+7.275000E-03,-18.424623311E+00,-26.243718819E+00
+7.280000E-03,-18.625628338E+00,+4.309045243E+00
+7.285000E-03,-18.022613257E+00,-25.841708764E+00
+7.290000E-03,-18.625628338E+00,-1.520100531E+00
+7.295000E-03,-18.123115770E+00,-26.645728870E+00
+7.300000E-03,-18.424623311E+00,-6.545226197E+00
+7.305000E-03,-17.922110744E+00,-25.841708764E+00
+7.310000E-03,-18.525125823E+00,-11.369346838E+00
+7.315000E-03,-18.123115770E+00,-23.630653469E+00
+7.320000E-03,-18.726130851E+00,-14.786432294E+00
+7.325000E-03,-18.324120798E+00,-19.811557968E+00
+7.330000E-03,-18.424623311E+00,-19.007537854E+00
+7.335000E-03,-18.123115770E+00,-14.987437327E+00
+7.340000E-03,-18.424623311E+00,-21.620603200E+00
+7.345000E-03,-18.424623311E+00,-11.771356900E+00
+7.350000E-03,-19.329145929E+00,-23.027638388E+00
+7.355000E-03,-18.123115770E+00,-7.349246311E+00
+7.360000E-03,-18.726130851E+00,-25.238693683E+00
+7.365000E-03,-18.424623311E+00,-4.334170909E+00
+7.370000E-03,-18.726130851E+00,-26.645728870E+00
+7.375000E-03,-18.022613257E+00,-917.085456E-03
+7.380000E-03,-18.424623311E+00,-28.052764058E+00
+7.385000E-03,-18.424623311E+00,+891.959783E-03
+7.390000E-03,-18.424623311E+00,-27.449748977E+00
+7.395000E-03,-18.424623311E+00,+2.902010052E+00
+7.400000E-03,-18.123115770E+00,-28.655779139E+00
+7.405000E-03,-18.424623311E+00,+5.113065346E+00
+7.410000E-03,-18.022613257E+00,-28.655779139E+00
+7.415000E-03,-18.826633364E+00,+6.118090479E+00
+7.420000E-03,-18.324120798E+00,-28.052764058E+00
+7.425000E-03,-18.726130851E+00,+6.922110586E+00
+7.430000E-03,-18.123115770E+00,-27.449748977E+00
+7.435000E-03,-18.826633364E+00,+8.128140748E+00
+7.440000E-03,-18.324120798E+00,-28.052764058E+00
+7.445000E-03,-18.123115770E+00,+6.319095508E+00
+7.450000E-03,-18.022613257E+00,-27.449748977E+00
+7.455000E-03,-18.424623311E+00,+4.912060320E+00
+7.460000E-03,-18.022613257E+00,-27.449748977E+00
+7.465000E-03,-18.424623311E+00,+3.505025136E+00
+7.470000E-03,-18.022613257E+00,-27.248743951E+00
+7.475000E-03,-18.726130851E+00,+690.954761E-03
+7.480000E-03,-18.022613257E+00,-27.248743951E+00
+7.485000E-03,-18.424623311E+00,+288.944709E-03
+7.490000E-03,-18.022613257E+00,-27.449748977E+00
+7.495000E-03,-18.424623311E+00,-1.319095505E+00
+7.500000E-03,-17.922110744E+00,-28.253769084E+00
+7.505000E-03,-18.424623311E+00,-113.065346E-03
+7.510000E-03,-17.922110744E+00,-27.851759032E+00
+7.515000E-03,-18.726130851E+00,-314.070372E-03
+7.520000E-03,-17.721105717E+00,-28.052764058E+00
+7.525000E-03,-18.525125823E+00,-917.085453E-03
+7.530000E-03,-18.223618285E+00,-27.851759032E+00
+7.535000E-03,-18.424623311E+00,-2.123115611E+00
+7.540000E-03,-17.620603204E+00,-26.846733896E+00
+7.545000E-03,-18.324120798E+00,-5.942211120E+00
+7.550000E-03,-17.620603204E+00,-26.846733900E+00
+7.555000E-03,-18.424623311E+00,-8.756281492E+00
+7.560000E-03,-17.922110744E+00,-27.851759032E+00
+7.565000E-03,-18.324120798E+00,-10.163316679E+00
+7.570000E-03,-17.620603204E+00,-27.851759032E+00
+7.575000E-03,-18.022613257E+00,-11.168341812E+00
+7.580000E-03,-17.620603204E+00,-27.248743951E+00
+7.585000E-03,-18.123115770E+00,-11.168341812E+00
+7.590000E-03,-17.620603204E+00,-27.851759032E+00
+7.595000E-03,-18.424623311E+00,-11.369346841E+00
+7.600000E-03,-17.620603204E+00,-27.449748977E+00
+7.605000E-03,-18.022613257E+00,-10.163316679E+00
+7.610000E-03,-17.620603204E+00,-28.052764058E+00
+7.615000E-03,-18.022613257E+00,-11.168341812E+00
+7.620000E-03,-11.188442342E+00,-25.238693686E+00
+7.625000E-03,-18.223618285E+00,-14.384422243E+00
+7.630000E-03,-17.319095663E+00,-21.017588126E+00
+7.635000E-03,-17.821608230E+00,-16.997487585E+00
+7.640000E-03,-17.721105717E+00,-18.806532832E+00
+7.645000E-03,-18.726130851E+00,-17.801507696E+00
+7.650000E-03,-17.922110744E+00,-15.791457434E+00
+7.655000E-03,-18.022613257E+00,-18.203517747E+00
+7.660000E-03,-18.022613257E+00,-41.721105874E+00
+7.665000E-03,-17.721105717E+00,-45.741206408E+00
+7.670000E-03,-18.022613257E+00,-45.942211433E+00
+7.675000E-03,-18.424623311E+00,-45.942211433E+00
+7.680000E-03,-18.022613257E+00,-45.741206408E+00
+7.685000E-03,-18.022613257E+00,-45.138191327E+00
+7.690000E-03,-18.022613257E+00,-45.741206408E+00
+7.695000E-03,-18.324120798E+00,-46.344221489E+00
+7.700000E-03,-18.022613257E+00,-45.741206408E+00
+7.705000E-03,-17.721105717E+00,-45.741206408E+00
+7.710000E-03,-18.022613257E+00,-45.138191327E+00
+7.715000E-03,-18.022613257E+00,-45.741206408E+00
+7.720000E-03,-17.620603204E+00,-45.741206408E+00
+7.725000E-03,-17.721105717E+00,-45.540201382E+00
+7.730000E-03,-18.123115770E+00,-45.540201382E+00
+7.735000E-03,-17.721105717E+00,-45.741206408E+00
+7.740000E-03,-18.022613257E+00,-45.138191327E+00
+7.745000E-03,-18.022613257E+00,-44.937186301E+00
+7.750000E-03,-18.022613257E+00,-46.143216463E+00
+7.755000E-03,-17.922110744E+00,-45.741206408E+00
+7.760000E-03,-18.022613257E+00,-45.741206408E+00
+7.765000E-03,-18.123115770E+00,-45.138191327E+00
+7.770000E-03,-17.721105717E+00,-44.937186301E+00
+7.775000E-03,-17.922110744E+00,-45.540201382E+00
+7.780000E-03,-18.022613257E+00,-45.138191327E+00
+7.785000E-03,-17.620603204E+00,-45.540201382E+00
+7.790000E-03,-17.620603204E+00,-45.741206408E+00
+7.795000E-03,-18.123115770E+00,-44.937186301E+00
+7.800000E-03,-18.022613257E+00,-45.942211433E+00
+7.805000E-03,-17.620603204E+00,-45.138191327E+00
+7.810000E-03,-18.022613257E+00,-45.942211433E+00
+7.815000E-03,-18.022613257E+00,-45.540201382E+00
+7.820000E-03,-18.022613257E+00,-45.138191327E+00
+7.825000E-03,-18.022613257E+00,-45.138191327E+00
+7.830000E-03,-17.620603204E+00,-36.494975181E+00
+7.835000E-03,-18.123115770E+00,+6.922110586E+00
+7.840000E-03,-16.816583101E+00,-21.620603204E+00
+7.845000E-03,-17.620603204E+00,-13.178392081E+00
+7.850000E-03,-18.022613257E+00,+4.711055295E+00
+7.855000E-03,-18.022613257E+00,+87.939676E-03
+7.860000E-03,-17.218593150E+00,-19.409547909E+00
+7.865000E-03,-17.922110744E+00,-6.746231226E+00
+7.870000E-03,-18.022613257E+00,+10.339196038E+00
+7.875000E-03,-17.017588123E+00,-12.776382033E+00
+7.880000E-03,-17.922110744E+00,-13.982412187E+00
+7.885000E-03,-17.721105717E+00,+4.912060324E+00
+7.890000E-03,-17.620603204E+00,-314.070376E-03
+7.895000E-03,-17.319095663E+00,-18.203517751E+00
+7.900000E-03,-18.022613257E+00,-2.123115611E+00
+7.905000E-03,-17.922110744E+00,+4.711055291E+00
+7.910000E-03,-17.218593150E+00,-19.208542883E+00
+7.915000E-03,-18.022613257E+00,-3.128140744E+00
+7.920000E-03,-17.721105717E+00,+5.314070372E+00
+7.925000E-03,-17.319095663E+00,-19.208542883E+00
+7.930000E-03,-17.620603204E+00,-2.927135718E+00
+7.935000E-03,-17.721105717E+00,+4.309045239E+00
+7.940000E-03,-17.218593150E+00,-18.605527802E+00
+7.945000E-03,-18.022613257E+00,-917.085449E-03
+7.950000E-03,-18.022613257E+00,+1.695979889E+00
+7.955000E-03,-17.319095663E+00,-17.198492615E+00
+7.960000E-03,-17.017588127E+00,+5.113065350E+00
+7.965000E-03,-17.922110744E+00,-4.736180965E+00
+7.970000E-03,-17.218593150E+00,-14.987437320E+00
+7.975000E-03,-18.022613257E+00,+13.153266418E+00
+7.980000E-03,-17.118090636E+00,-16.394472512E+00
+7.985000E-03,-17.721105717E+00,-11.771356893E+00
+7.990000E-03,-17.922110744E+00,+9.736180961E+00
+7.995000E-03,-17.218593150E+00,-20.213568016E+00
+8.000000E-03,-17.922110744E+00,-1.520100530E+00
+8.005000E-03,-17.620603204E+00,-2.726130696E+00
+8.010000E-03,-17.620603204E+00,-16.796482563E+00
+8.015000E-03,-17.922110744E+00,+11.947236256E+00
+8.020000E-03,-17.218593150E+00,-22.424623311E+00
+8.025000E-03,-17.821608230E+00,-5.942211119E+00
+8.030000E-03,-17.520100691E+00,-3.932160858E+00
+8.035000E-03,-17.620603204E+00,-18.806532828E+00
+8.040000E-03,-18.022613257E+00,+10.138191013E+00
+8.045000E-03,-17.218593150E+00,-22.826633362E+00
+8.050000E-03,-17.721105717E+00,+891.959786E-03
+8.055000E-03,-14.505025286E+00,-20.414573046E+00
+8.060000E-03,-18.022613257E+00,-13.580402132E+00
+8.065000E-03,-17.620603204E+00,-4.937185991E+00
+8.070000E-03,-17.520100691E+00,-22.424623311E+00
+8.075000E-03,-18.022613257E+00,+4.711055291E+00
+8.080000E-03,-17.620603204E+00,-24.032663524E+00
+8.085000E-03,-18.022613257E+00,+9.535175935E+00
+8.090000E-03,-17.218593150E+00,-25.640703738E+00
+8.095000E-03,-17.922110744E+00,+4.711055295E+00
+8.100000E-03,-17.218593150E+00,-25.640703738E+00
+8.105000E-03,-18.022613257E+00,+1.293969842E+00
+8.110000E-03,-17.520100691E+00,-26.645728870E+00
+8.115000E-03,-17.721105717E+00,-2.324120637E+00
+8.120000E-03,-17.520100691E+00,-37.902010365E+00
+8.125000E-03,-17.620603204E+00,-43.932161168E+00
+8.130000E-03,-17.620603204E+00,-45.138191326E+00
+8.135000E-03,-17.620603204E+00,-45.138191326E+00
+8.140000E-03,-17.620603204E+00,-45.138191326E+00
+8.145000E-03,-17.620603204E+00,-44.736181275E+00
+8.150000E-03,-17.319095663E+00,-45.138191326E+00
+8.155000E-03,-17.922110744E+00,-44.937186301E+00
+8.160000E-03,-17.520100691E+00,-44.937186301E+00
+8.165000E-03,-17.620603204E+00,-44.937186301E+00
+8.170000E-03,-17.620603204E+00,-45.540201382E+00
+8.175000E-03,-17.319095663E+00,-45.138191326E+00
+8.180000E-03,-17.319095663E+00,-44.937186301E+00
+8.185000E-03,-17.620603204E+00,-44.334171220E+00
+8.190000E-03,-17.319095663E+00,-44.535176245E+00
+8.195000E-03,-17.520100691E+00,-45.540201382E+00
+8.200000E-03,-17.319095663E+00,-44.937186301E+00
+8.205000E-03,-17.620603204E+00,-44.937186301E+00
+8.210000E-03,-17.218593150E+00,-45.138191326E+00
+8.215000E-03,-17.319095663E+00,-44.736181275E+00
+8.220000E-03,-17.620603204E+00,-44.937186301E+00
+8.225000E-03,-17.520100691E+00,-44.937186301E+00
+8.230000E-03,-17.620603204E+00,-44.937186301E+00
+8.235000E-03,-17.520100691E+00,-44.937186301E+00
+8.240000E-03,-17.319095663E+00,-44.937186301E+00
+8.245000E-03,-17.218593150E+00,-44.937186301E+00
+8.250000E-03,-17.319095663E+00,-44.937186301E+00
+8.255000E-03,-17.218593150E+00,-44.334171220E+00
+8.260000E-03,-17.520100691E+00,-44.937186301E+00
+8.265000E-03,-17.319095663E+00,-44.334171220E+00
+8.270000E-03,-17.520100691E+00,-44.937186301E+00
+8.275000E-03,-17.218593150E+00,-44.937186301E+00
+8.280000E-03,-17.319095663E+00,-44.937186301E+00
+8.285000E-03,-17.017588123E+00,-44.937186301E+00
+8.290000E-03,-16.917085610E+00,-34.283919887E+00
+8.295000E-03,-17.419598176E+00,+8.932160862E+00
+8.300000E-03,-16.917085610E+00,-9.158291555E+00
+8.305000E-03,-17.118090638E+00,-15.590452401E+00
+8.310000E-03,-17.520100691E+00,-3.530150799E+00
+8.315000E-03,-17.620603204E+00,+11.143216145E+00
+8.320000E-03,-17.520100691E+00,-9.962311661E+00
+8.325000E-03,-16.917085610E+00,-14.585427268E+00
+8.330000E-03,-17.922110744E+00,-716.080423E-03
+8.335000E-03,-17.319095663E+00,+9.736180961E+00
+8.340000E-03,-13.902010204E+00,-17.198492622E+00
+8.345000E-03,-17.419598178E+00,-12.374371974E+00
+8.350000E-03,-17.821608236E+00,+14.962311665E+00
+8.355000E-03,-16.615578069E+00,-4.133165884E+00
+8.360000E-03,-16.816583097E+00,-14.585427268E+00
+8.365000E-03,-18.223618285E+00,+3.505025137E+00
+8.370000E-03,-17.319095663E+00,+288.944701E-03
+8.375000E-03,-16.515075556E+00,-16.997487589E+00
+8.380000E-03,-17.218593150E+00,+1.092964816E+00
+8.385000E-03,-17.319095663E+00,+3.907035184E+00
+8.390000E-03,-16.414573044E+00,-18.605527802E+00
+8.395000E-03,-17.520100691E+00,-1.319095504E+00
+8.400000E-03,-17.218593150E+00,+3.907035184E+00
+8.405000E-03,-16.816583097E+00,-17.801507695E+00
+8.410000E-03,-17.118090636E+00,+1.695979901E+00
+8.415000E-03,-17.218593150E+00,-314.070376E-03
+8.420000E-03,-16.816583097E+00,-17.600502670E+00
+8.425000E-03,-18.223618281E+00,+7.927135722E+00
+8.430000E-03,-16.816583097E+00,-6.344221175E+00
+8.435000E-03,-17.218593150E+00,-15.389447375E+00
+8.440000E-03,-17.419598178E+00,+12.751256363E+00
+8.445000E-03,-16.816583097E+00,-21.620603204E+00
+8.450000E-03,-16.615578069E+00,-8.957286521E+00
+8.455000E-03,-17.118090638E+00,+2.701005026E+00
+8.460000E-03,-16.816583097E+00,-20.012562990E+00
+8.465000E-03,-17.218593150E+00,+8.530150803E+00
+8.470000E-03,-16.816583097E+00,-23.228643417E+00
+8.475000E-03,-16.917085610E+00,-5.339196038E+00
+8.480000E-03,-16.917085610E+00,-9.761306632E+00
+8.485000E-03,-17.922110744E+00,-19.811557960E+00
+8.490000E-03,-16.917085610E+00,+2.097989945E+00
+8.495000E-03,-17.118090638E+00,-25.037688657E+00
+8.500000E-03,-17.218593150E+00,+7.726130692E+00
+8.505000E-03,-17.419598178E+00,-31.670854537E+00
+8.510000E-03,-16.515075556E+00,-43.329146087E+00
+8.515000E-03,-16.816583097E+00,-44.937186301E+00
+8.520000E-03,-17.218593150E+00,-44.937186301E+00
+8.525000E-03,-17.118090638E+00,-44.937186301E+00
+8.530000E-03,-16.816583097E+00,-44.937186301E+00
+8.535000E-03,-17.118090638E+00,-44.937186301E+00
+8.540000E-03,-17.218593150E+00,-44.133166194E+00
+8.545000E-03,-16.917085610E+00,-44.334171220E+00
+8.550000E-03,-16.917085610E+00,-44.334171220E+00
+8.555000E-03,-16.816583097E+00,-43.731156138E+00
+8.560000E-03,-16.816583097E+00,-44.736181275E+00
+8.565000E-03,-17.118090638E+00,-44.736181275E+00
+8.570000E-03,-17.218593150E+00,-44.937186301E+00
+8.575000E-03,-16.816583097E+00,-44.334171220E+00
+8.580000E-03,-16.816583097E+00,-44.133166194E+00
+8.585000E-03,-16.917085610E+00,-44.133166194E+00
+8.590000E-03,-17.218593150E+00,-44.937186301E+00
+8.595000E-03,-16.816583097E+00,-43.731156138E+00
+8.600000E-03,-16.816583097E+00,-44.736181275E+00
+8.605000E-03,-16.816583097E+00,-44.334171220E+00
+8.610000E-03,-16.816583097E+00,-44.133166194E+00
+8.615000E-03,-16.816583097E+00,-44.334171220E+00
+8.620000E-03,-16.917085610E+00,-44.937186301E+00
+8.625000E-03,-16.816583097E+00,-43.932161168E+00
+8.630000E-03,-17.118090638E+00,-44.133166194E+00
+8.635000E-03,-16.816583097E+00,-44.133166194E+00
+8.640000E-03,-16.515075556E+00,-44.736181275E+00
+8.645000E-03,-16.917085610E+00,-44.133166194E+00
+8.650000E-03,-16.816583097E+00,-43.530151113E+00
+8.655000E-03,-16.917085610E+00,-44.133166194E+00
+8.660000E-03,-16.515075556E+00,-44.736181275E+00
+8.665000E-03,-16.615578069E+00,-44.133166194E+00
+8.670000E-03,-16.816583097E+00,-43.530151113E+00
+8.675000E-03,-16.716080584E+00,-43.530151113E+00
+8.680000E-03,-16.716080584E+00,-43.329146087E+00
+8.685000E-03,-16.515075556E+00,-41.922110903E+00
+8.690000E-03,-16.816583097E+00,+87.939675E-03
+8.695000E-03,-16.113065503E+00,-19.208542883E+00
+8.700000E-03,-16.816583097E+00,-7.952261388E+00
+8.705000E-03,-17.620603202E+00,+14.560301606E+00
+8.710000E-03,-16.816583097E+00,-113.065350E-03
+8.715000E-03,-16.012562990E+00,-16.394472507E+00
